UnixTimeStamp,price,forecast,forecastLow,forecastHigh
1438214400,0,,,
1438300800,0,,,
1438387200,0,,,
1438473600,0,,,
1438560000,0,,,
1438646400,0,,,
1438732800,0,,,
1438819200,0,,,
1438905600,2.77,,,
1438992000,0.81,,,
1439078400,0.74,,,
1439164800,0.68,,,
1439251200,1.06,,,
1439337600,1.25,,,
1439424000,1.78,,,
1439510400,1.8,,,
1439596800,1.79,,,
1439683200,1.37,,,
1439769600,1.2,,,
1439856000,1.27,,,
1439942400,1.26,,,
1440028800,1.48,,,
1440115200,1.44,,,
1440201600,1.39,,,
1440288000,1.35,,,
1440374400,1.24,,,
1440460800,1.17,,,
1440547200,1.16,,,
1440633600,1.13,,,
1440720000,1.3,,,
1440806400,1.18,,,
1440892800,1.32,,,
1440979200,1.35,,,
1441065600,1.35,,,
1441152000,1.29,,,
1441238400,1.26,,,
1441324800,1.27,,,
1441411200,1.37,,,
1441497600,1.3,,,
1441584000,1.24,,,
1441670400,1.23,,,
1441756800,1.21,,,
1441843200,1.16,,,
1441929600,0.98,,,
1442016000,1.04,,,
1442102400,0.94,,,
1442188800,0.87,,,
1442275200,0.94,,,
1442361600,0.9,,,
1442448000,0.89,,,
1442534400,0.85,,,
1442620800,0.89,,,
1442707200,0.94,,,
1442793600,0.9,,,
1442880000,0.9,,,
1442966400,0.9,,,
1443052800,0.81,,,
1443139200,0.74,,,
1443225600,0.78,,,
1443312000,0.72,,,
1443398400,0.59,,,
1443484800,0.68,,,
1443571200,0.72,,,
1443657600,0.68,,,
1443744000,0.68,,,
1443830400,0.69,,,
1443916800,0.67,,,
1444003200,0.63,,,
1444089600,0.66,,,
1444176000,0.61,,,
1444262400,0.62,,,
1444348800,0.65,,,
1444435200,0.63,,,
1444521600,0.63,,,
1444608000,0.63,,,
1444694400,0.6,,,
1444780800,0.51,,,
1444867200,0.56,,,
1444953600,0.53,,,
1445040000,0.55,,,
1445126400,0.52,,,
1445212800,0.49,,,
1445299200,0.44,,,
1445385600,0.44,,,
1445472000,0.59,,,
1445558400,0.52,,,
1445644800,0.57,,,
1445731200,0.65,,,
1445817600,0.74,,,
1445904000,0.87,,,
1445990400,1.01,,,
1446076800,1.16,,,
1446163200,1.04,,,
1446249600,0.89,,,
1446336000,1.05,,,
1446422400,0.96,,,
1446508800,1,,,
1446595200,0.87,,,
1446681600,0.89,,,
1446768000,0.92,,,
1446854400,0.92,,,
1446940800,1.02,,,
1447027200,1,,,
1447113600,0.92,,,
1447200000,0.78,,,
1447286400,0.89,,,
1447372800,0.89,,,
1447459200,0.89,,,
1447545600,0.9,,,
1447632000,0.94,,,
1447718400,1,,,
1447804800,0.99,,,
1447891200,0.95,,,
1447977600,0.93,,,
1448064000,0.97,,,
1448150400,0.96,,,
1448236800,0.94,,,
1448323200,0.91,,,
1448409600,0.86,,,
1448496000,0.88,,,
1448582400,0.87,,,
1448668800,0.91,,,
1448755200,0.87,,,
1448841600,0.88,,,
1448928000,0.87,,,
1449014400,0.83,,,
1449100800,0.82,,,
1449187200,0.84,,,
1449273600,0.85,,,
1449360000,0.84,,,
1449446400,0.8,,,
1449532800,0.83,,,
1449619200,0.79,,,
1449705600,0.84,,,
1449792000,0.91,,,
1449878400,0.97,,,
1449964800,0.96,,,
1450051200,0.99,,,
1450137600,1.01,,,
1450224000,0.99,,,
1450310400,0.94,,,
1450396800,0.91,,,
1450483200,0.9,,,
1450569600,0.9,,,
1450656000,0.89,,,
1450742400,0.87,,,
1450828800,0.85,,,
1450915200,0.85,,,
1451001600,0.87,,,
1451088000,0.85,,,
1451174400,0.85,,,
1451260800,0.84,,,
1451347200,0.87,,,
1451433600,0.9,,,
1451520000,0.93,,,
1451606400,0.93,,,
1451692800,0.93,,,
1451779200,0.97,,,
1451865600,0.95,,,
1451952000,0.95,,,
1452038400,0.96,,,
1452124800,0.95,,,
1452211200,0.99,,,
1452297600,0.99,,,
1452384000,0.99,,,
1452470400,1.05,,,
1452556800,1.23,,,
1452643200,1.13,,,
1452729600,1.16,,,
1452816000,1.22,,,
1452902400,1.22,,,
1452988800,1.31,,,
1453075200,1.47,,,
1453161600,1.37,,,
1453248000,1.53,,,
1453334400,1.54,,,
1453420800,1.52,,,
1453507200,2.03,,,
1453593600,2.1,,,
1453680000,2.5,,,
1453766400,2.3,,,
1453852800,2.42,,,
1453939200,2.55,,,
1454025600,2.41,,,
1454112000,2.43,,,
1454198400,2.2,,,
1454284800,2.17,,,
1454371200,2.45,,,
1454457600,2.53,,,
1454544000,2.57,,,
1454630400,2.57,,,
1454716800,2.53,,,
1454803200,3,,,
1454889600,3.16,,,
1454976000,3.76,,,
1455062400,4.35,,,
1455148800,6.38,,,
1455235200,5.27,,,
1455321600,5.22,,,
1455408000,5.2,,,
1455494400,5.22,,,
1455580800,4.25,,,
1455667200,3.86,,,
1455753600,4.36,,,
1455840000,4.45,,,
1455926400,4.37,,,
1456012800,4.63,,,
1456099200,5.6,,,
1456185600,5.7,,,
1456272000,6.23,,,
1456358400,5.93,,,
1456444800,6.03,,,
1456531200,6.31,,,
1456617600,6.5,,,
1456704000,6.35,,,
1456790400,7.59,,,
1456876800,8.7,,,
1456963200,9.35,,,
1457049600,9.96,,,
1457136000,11,,,
1457222400,10.98,,,
1457308800,9.5,,,
1457395200,9.88,,,
1457481600,11.55,,,
1457568000,11.11,,,
1457654400,11.25,,,
1457740800,13.25,,,
1457827200,15,,,
1457913600,12.5,,,
1458000000,13.09,,,
1458086400,12.92,,,
1458172800,11.14,,,
1458259200,10.75,,,
1458345600,10.55,,,
1458432000,10.06,,,
1458518400,11.97,,,
1458604800,10.96,,,
1458691200,12.29,,,
1458777600,11.13,,,
1458864000,10.69,,,
1458950400,11,,,
1459036800,10.5,,,
1459123200,11.58,,,
1459209600,11.73,,,
1459296000,11.88,,,
1459382400,11.41,,,
1459468800,11.63,,,
1459555200,11.61,,,
1459641600,11.58,,,
1459728000,11.1,,,
1459814400,10.39,,,
1459900800,10.79,,,
1459987200,10.08,,,
1460073600,9.74,,,
1460160000,9.16,,,
1460246400,8.8,,,
1460332800,8.72,,,
1460419200,7.54,,,
1460505600,8.02,,,
1460592000,8.48,,,
1460678400,8.22,,,
1460764800,8.48,,,
1460851200,9.45,,,
1460937600,8.92,,,
1461024000,8.77,,,
1461110400,8.54,,,
1461196800,8.16,,,
1461283200,7.83,,,
1461369600,8.31,,,
1461456000,8,,,
1461542400,7.43,,,
1461628800,7.5,,,
1461715200,7.77,,,
1461801600,7.3,,,
1461888000,7.52,,,
1461974400,8.83,,,
1462060800,8.76,,,
1462147200,10.03,,,
1462233600,9.37,,,
1462320000,9.43,,,
1462406400,9.79,,,
1462492800,9.27,,,
1462579200,9.3,,,
1462665600,9.44,,,
1462752000,9.32,,,
1462838400,9.39,,,
1462924800,9.97,,,
1463011200,10.1,,,
1463097600,10.48,,,
1463184000,10.14,,,
1463270400,9.94,,,
1463356800,11.04,,,
1463443200,12.26,,,
1463529600,13.29,,,
1463616000,14.49,,,
1463702400,13.73,,,
1463788800,13.95,,,
1463875200,14.21,,,
1463961600,13.45,,,
1464048000,12.62,,,
1464134400,12.53,,,
1464220800,12.37,,,
1464307200,11.11,,,
1464393600,11.56,,,
1464480000,12.28,,,
1464566400,12.48,,,
1464652800,13.85,,,
1464739200,13.83,,,
1464825600,13.78,,,
1464912000,13.78,,,
1464998400,13.66,,,
1465084800,13.85,,,
1465171200,13.96,,,
1465257600,14.41,,,
1465344000,14.44,,,
1465430400,14.49,,,
1465516800,13.97,,,
1465603200,14.01,,,
1465689600,15.57,,,
1465776000,17.55,,,
1465862400,18.7,,,
1465948800,18.3,,,
1466035200,20.61,,,
1466121600,15.49,,,
1466208000,11.36,,,
1466294400,12.33,,,
1466380800,11.7,,,
1466467200,12.71,,,
1466553600,13.21,,,
1466640000,13.58,,,
1466726400,14.25,,,
1466812800,14.28,,,
1466899200,13.82,,,
1466985600,14.04,,,
1467072000,12.15,,,
1467158400,12.76,,,
1467244800,12.4,,,
1467331200,12.23,,,
1467417600,12.04,,,
1467504000,11.85,,,
1467590400,11.34,,,
1467676800,10.45,,,
1467763200,10.51,,,
1467849600,10.07,,,
1467936000,11.3,,,
1468022400,10.92,,,
1468108800,10.97,,,
1468195200,10.58,,,
1468281600,10.54,,,
1468368000,10.44,,,
1468454400,11.55,,,
1468540800,11.88,,,
1468627200,11.59,,,
1468713600,11.19,,,
1468800000,11.03,,,
1468886400,11.63,,,
1468972800,12.54,,,
1469059200,12.66,,,
1469145600,14.82,,,
1469232000,14.4,,,
1469318400,12.63,,,
1469404800,13.84,,,
1469491200,12.08,,,
1469577600,13.05,,,
1469664000,12.87,,,
1469750400,12.87,,,
1469836800,12.57,,,
1469923200,11.86,,,
1470009600,11.04,,,
1470096000,8.3,,,
1470182400,10.42,,,
1470268800,11.21,,,
1470355200,11.05,,,
1470441600,10.95,,,
1470528000,10.98,,,
1470614400,11.29,,,
1470700800,12.22,,,
1470787200,12.22,,,
1470873600,11.68,,,
1470960000,11.78,,,
1471046400,11.56,,,
1471132800,11.21,,,
1471219200,11.21,,,
1471305600,11.17,,,
1471392000,10.77,,,
1471478400,10.77,,,
1471564800,10.71,,,
1471651200,11.28,,,
1471737600,11.14,,,
1471824000,11.07,,,
1471910400,11.01,,,
1471996800,11.01,,,
1472083200,11.35,,,
1472169600,11.26,,,
1472256000,11.19,,,
1472342400,10.99,,,
1472428800,10.95,,,
1472515200,11.21,,,
1472601600,11.55,,,
1472688000,12.21,,,
1472774400,12.08,,,
1472860800,11.85,,,
1472947200,11.71,,,
1473033600,11.75,,,
1473120000,11.7,,,
1473206400,11.59,,,
1473292800,11.39,,,
1473379200,11.72,,,
1473465600,12.05,,,
1473552000,11.64,,,
1473638400,11.89,,,
1473724800,11.92,,,
1473811200,11.97,,,
1473897600,11.96,,,
1473984000,12.61,,,
1474070400,12.83,,,
1474156800,12.39,,,
1474243200,12.93,,,
1474329600,14.72,,,
1474416000,13.72,,,
1474502400,13.11,,,
1474588800,13.36,,,
1474675200,12.91,,,
1474761600,13.05,,,
1474848000,12.89,,,
1474934400,13.09,,,
1475020800,13.3,,,
1475107200,13.17,,,
1475193600,13.24,,,
1475280000,13.21,,,
1475366400,13.23,,,
1475452800,13.45,,,
1475539200,13.32,,,
1475625600,13.09,,,
1475712000,12.87,,,
1475798400,12.68,,,
1475884800,12.24,,,
1475971200,12.06,,,
1476057600,11.74,,,
1476144000,11.75,,,
1476230400,11.77,,,
1476316800,12.02,,,
1476403200,11.9,,,
1476489600,11.96,,,
1476576000,11.93,,,
1476662400,11.98,,,
1476748800,12.5,,,
1476835200,11.98,,,
1476921600,12.05,,,
1477008000,12.07,,,
1477094400,12.06,,,
1477180800,11.95,,,
1477267200,11.93,,,
1477353600,11.38,,,
1477440000,11.5,,,
1477526400,11.43,,,
1477612800,11.08,,,
1477699200,10.39,,,
1477785600,11.22,,,
1477872000,10.91,,,
1477958400,10.75,,,
1478044800,10.82,,,
1478131200,10.86,,,
1478217600,11.13,,,
1478304000,11.11,,,
1478390400,10.97,,,
1478476800,10.9,,,
1478563200,10.86,,,
1478649600,10.64,,,
1478736000,10.52,,,
1478822400,10.29,,,
1478908800,9.96,,,
1478995200,10.13,,,
1479081600,10,,,
1479168000,10.22,,,
1479254400,10.01,,,
1479340800,9.95,,,
1479427200,9.53,,,
1479513600,9.7,,,
1479600000,9.57,,,
1479686400,9.56,,,
1479772800,9.84,,,
1479859200,9.78,,,
1479945600,9.22,,,
1480032000,9.39,,,
1480118400,9.34,,,
1480204800,8.91,,,
1480291200,8.67,,,
1480377600,8.18,,,
1480464000,8.59,,,
1480550400,8.44,,,
1480636800,7.65,,,
1480723200,7.9,,,
1480809600,7.54,,,
1480896000,6.69,,,
1480982400,7.61,,,
1481068800,8.35,,,
1481155200,8.3,,,
1481241600,8.52,,,
1481328000,8.09,,,
1481414400,8.2,,,
1481500800,8.45,,,
1481587200,8.4,,,
1481673600,8.23,,,
1481760000,7.76,,,
1481846400,7.85,,,
1481932800,7.66,,,
1482019200,7.89,,,
1482105600,7.61,,,
1482192000,7.59,,,
1482278400,7.87,,,
1482364800,7.64,,,
1482451200,7.16,,,
1482537600,7.23,,,
1482624000,7.19,,,
1482710400,7.21,,,
1482796800,7.15,,,
1482883200,7.57,,,
1482969600,8.21,,,
1483056000,8.16,,,
1483142400,8.05,,,
1483228800,8.14,,,
1483315200,8.34,,,
1483401600,9.6,,,
1483488000,10.88,,,
1483574400,10.2,,,
1483660800,10.07,,,
1483747200,9.79,,,
1483833600,10.27,,,
1483920000,10.2,,,
1484006400,10.55,,,
1484092800,9.83,,,
1484179200,9.81,,,
1484265600,9.78,,,
1484352000,9.78,,,
1484438400,9.88,,,
1484524800,9.59,,,
1484611200,10.14,,,
1484697600,10.19,,,
1484784000,10.43,,,
1484870400,10.6,,,
1484956800,10.91,,,
1485043200,10.71,,,
1485129600,10.78,,,
1485216000,10.51,,,
1485302400,10.51,,,
1485388800,10.65,,,
1485475200,10.51,,,
1485561600,10.54,,,
1485648000,10.47,,,
1485734400,10.62,,,
1485820800,10.71,,,
1485907200,10.71,,,
1485993600,10.78,,,
1486080000,10.95,,,
1486166400,11.32,,,
1486252800,11.22,,,
1486339200,11.32,,,
1486425600,11.45,,,
1486512000,11.39,,,
1486598400,10.94,,,
1486684800,11.34,,,
1486771200,11.43,,,
1486857600,11.42,,,
1486944000,11.39,,,
1487030400,13,,,
1487116800,12.97,,,
1487203200,12.95,,,
1487289600,12.72,,,
1487376000,12.83,,,
1487462400,12.82,,,
1487548800,12.52,,,
1487635200,12.77,,,
1487721600,12.69,,,
1487808000,13.13,,,
1487894400,13.11,,,
1487980800,13.57,,,
1488067200,14.59,,,
1488153600,15.55,,,
1488240000,16.07,,,
1488326400,17.55,,,
1488412800,19.08,,,
1488499200,19.48,,,
1488585600,18.61,,,
1488672000,19.22,,,
1488758400,19.75,,,
1488844800,18.91,,,
1488931200,16.54,,,
1489017600,17.71,,,
1489104000,19.13,,,
1489190400,21.45,,,
1489276800,23.31,,,
1489363200,28.45,,,
1489449600,28.58,,,
1489536000,35.18,,,
1489622400,45.51,,,
1489708800,44.48,,,
1489795200,34,,,
1489881600,43.12,,,
1489968000,42.51,,,
1490054400,42.67,,,
1490140800,41.65,,,
1490227200,43.2,,,
1490313600,53.19,,,
1490400000,50.62,,,
1490486400,50.63,,,
1490572800,49.06,,,
1490659200,50.25,,,
1490745600,53.07,,,
1490832000,51.91,,,
1490918400,49.91,,,
1491004800,50.6,,,
1491091200,48.55,,,
1491177600,44.13,,,
1491264000,44.43,,,
1491350400,44.9,,,
1491436800,43.23,,,
1491523200,42.31,,,
1491609600,44.37,,,
1491696000,43.72,,,
1491782400,43.74,,,
1491868800,43.74,,,
1491955200,46.38,,,
1492041600,49.97,,,
1492128000,47.32,,,
1492214400,48.89,,,
1492300800,48.22,,,
1492387200,47.94,,,
1492473600,49.88,,,
1492560000,47.88,,,
1492646400,49.36,,,
1492732800,48.27,,,
1492819200,48.41,,,
1492905600,48.75,,,
1492992000,49.94,,,
1493078400,50.09,,,
1493164800,53.28,,,
1493251200,63.14,,,
1493337600,72.42,,,
1493424000,69.83,,,
1493510400,79.83,,,
1493596800,77.53,,,
1493683200,77.25,,,
1493769600,80.37,,,
1493856000,94.55,,,
1493942400,90.79,,,
1494028800,94.82,,,
1494115200,90.46,,,
1494201600,88.39,,,
1494288000,86.27,,,
1494374400,87.83,,,
1494460800,88.2,,,
1494547200,85.15,,,
1494633600,87.96,,,
1494720000,88.72,,,
1494806400,90.32,,,
1494892800,87.8,,,
1494979200,86.98,,,
1495065600,95.88,,,
1495152000,124.38,,,
1495238400,123.06,,,
1495324800,148,,,
1495411200,160.39,,,
1495497600,169.5,,,
1495584000,193.03,,,
1495670400,177.33,,,
1495756800,162.83,,,
1495843200,156.63,,,
1495929600,172.86,,,
1496016000,194.17,,,
1496102400,228.58,,,
1496188800,228.64,,,
1496275200,220.7,,,
1496361600,222.04,,,
1496448000,224.3,,,
1496534400,244.96,,,
1496620800,247.75,,,
1496707200,264.26,,,
1496793600,255.77,,,
1496880000,259.41,,,
1496966400,279.11,,,
1497052800,335.95,,,
1497139200,339.68,,,
1497225600,394.66,,,
1497312000,388.09,,,
1497398400,343.84,,,
1497484800,344.68,,,
1497571200,353.61,,,
1497657600,368.1,,,
1497744000,351.53,,,
1497830400,358.2,,,
1497916800,350.53,,,
1498003200,325.3,,,
1498089600,320.97,,,
1498176000,326.85,,,
1498262400,304.54,,,
1498348800,279.36,,,
1498435200,253.68,,,
1498521600,286.14,,,
1498608000,315.86,,,
1498694400,292.9,,,
1498780800,280.68,,,
1498867200,261,,,
1498953600,283.99,,,
1499040000,276.41,,,
1499126400,269.05,,,
1499212800,266,,,
1499299200,265.88,,,
1499385600,240.94,,,
1499472000,245.67,,,
1499558400,237.72,,,
1499644800,205.76,,,
1499731200,190.55,,,
1499817600,224.15,,,
1499904000,205.41,,,
1499990400,197.14,,,
1500076800,169.1,,,
1500163200,155.42,,,
1500249600,189.97,,,
1500336000,227.09,,,
1500422400,194.41,,,
1500508800,226.33,,,
1500595200,216.33,,,
1500681600,230.47,,,
1500768000,228.32,,,
1500854400,225.48,,,
1500940800,203.59,,,
1501027200,202.88,,,
1501113600,202.93,,,
1501200000,191.21,,,
1501286400,206.14,,,
1501372800,196.78,,,
1501459200,201.33,,,
1501545600,225.9,,,
1501632000,218.12,,,
1501718400,224.39,,,
1501804800,220.6,,,
1501891200,253.09,,,
1501977600,264.56,,,
1502064000,269.94,,,
1502150400,296.51,,,
1502236800,295.28,,,
1502323200,298.28,,,
1502409600,309.32,,,
1502496000,308.02,,,
1502582400,296.62,,,
1502668800,299.16,,,
1502755200,286.52,,,
1502841600,301.38,,,
1502928000,300.3,,,
1503014400,292.62,,,
1503100800,293.02,,,
1503187200,298.2,,,
1503273600,321.85,,,
1503360000,313.37,,,
1503446400,317.4,,,
1503532800,325.28,,,
1503619200,330.06,,,
1503705600,332.86,,,
1503792000,347.88,,,
1503878400,347.66,,,
1503964800,372.35,,,
1504051200,383.86,,,
1504137600,388.33,,,
1504224000,391.42,,,
1504310400,351.03,,,
1504396800,352.45,,,
1504483200,303.7,,,
1504569600,317.94,,,
1504656000,338.92,,,
1504742400,335.37,,,
1504828800,306.72,,,
1504915200,303.79,,,
1505001600,299.21,,,
1505088000,297.95,,,
1505174400,294.1,,,
1505260800,275.84,,,
1505347200,223.14,,,
1505433600,259.57,,,
1505520000,254.49,,,
1505606400,258.4,,,
1505692800,297.53,,,
1505779200,283,,,
1505865600,283.56,,,
1505952000,257.77,,,
1506038400,262.94,,,
1506124800,286.14,,,
1506211200,282.6,,,
1506297600,294.89,,,
1506384000,288.64,,,
1506470400,309.97,,,
1506556800,302.77,,,
1506643200,292.58,,,
1506729600,302.77,,,
1506816000,303.95,,,
1506902400,296.81,,,
1506988800,291.81,,,
1507075200,291.68,,,
1507161600,294.99,,,
1507248000,308.33,,,
1507334400,311.26,,,
1507420800,309.49,,,
1507507200,296.95,,,
1507593600,298.46,,,
1507680000,302.86,,,
1507766400,302.89,,,
1507852800,336.83,,,
1507939200,338.81,,,
1508025600,336.58,,,
1508112000,334.23,,,
1508198400,316.14,,,
1508284800,313.54,,,
1508371200,307.41,,,
1508457600,303.08,,,
1508544000,299.55,,,
1508630400,294.03,,,
1508716800,285.27,,,
1508803200,296.5,,,
1508889600,296.35,,,
1508976000,295.54,,,
1509062400,296.36,,,
1509148800,293.35,,,
1509235200,304.04,,,
1509321600,306.8,,,
1509408000,303.64,,,
1509494400,289.42,,,
1509580800,284.92,,,
1509667200,304.51,,,
1509753600,300.04,,,
1509840000,296.23,,,
1509926400,296.82,,,
1510012800,291.84,,,
1510099200,307.35,,,
1510185600,319.66,,,
1510272000,296.86,,,
1510358400,314.23,,,
1510444800,306.02,,,
1510531200,314.6,,,
1510617600,334.72,,,
1510704000,331.2,,,
1510790400,330.32,,,
1510876800,331.72,,,
1510963200,346.65,,,
1511049600,354.6,,,
1511136000,367.71,,,
1511222400,360.52,,,
1511308800,380.84,,,
1511395200,406.57,,,
1511481600,470.43,,,
1511568000,464.61,,,
1511654400,470.54,,,
1511740800,475.24,,,
1511827200,466.27,,,
1511913600,427.42,,,
1512000000,434.85,,,
1512086400,461.58,,,
1512172800,457.96,,,
1512259200,462.81,,,
1512345600,466.93,,,
1512432000,453.96,,,
1512518400,422.48,,,
1512604800,421.15,,,
1512691200,451.74,,,
1512777600,472.86,,,
1512864000,436.49,,,
1512950400,513.29,,,
1513036800,656.52,,,
1513123200,699.09,,,
1513209600,693.58,,,
1513296000,684.27,,,
1513382400,692.83,,,
1513468800,717.71,,,
1513555200,785.99,,,
1513641600,812.5,,,
1513728000,799.17,,,
1513814400,789.39,,,
1513900800,657.83,,,
1513987200,700.44,,,
1514073600,675.91,,,
1514160000,723.14,,,
1514246400,753.4,,,
1514332800,739.94,,,
1514419200,716.69,,,
1514505600,739.6,,,
1514592000,692.99,,,
1514678400,741.13,,,
1514764800,756.2,,,
1514851200,861.97,,,
1514937600,941.1,,,
1515024000,944.83,,,
1515110400,967.13,,,
1515196800,1006.41,,,
1515283200,1117.75,,,
1515369600,1136.11,,,
1515456000,1289.24,,,
1515542400,1248.99,,,
1515628800,1139.32,,,
1515715200,1261.03,,,
1515801600,1385.02,,,
1515888000,1359.48,,,
1515974400,1278.69,,,
1516060800,1050.26,,,
1516147200,1024.69,,,
1516233600,1012.97,,,
1516320000,1037.36,,,
1516406400,1150.5,,,
1516492800,1049.09,,,
1516579200,999.64,,,
1516665600,984.47,,,
1516752000,1061.78,,,
1516838400,1046.37,,,
1516924800,1048.58,,,
1517011200,1109.08,,,
1517097600,1231.58,,,
1517184000,1169.96,,,
1517270400,1063.75,,,
1517356800,1111.31,,,
1517443200,1026.19,,,
1517529600,917.47,,,
1517616000,970.87,,,
1517702400,827.59,,,
1517788800,695.08,,,
1517875200,785.01,,,
1517961600,751.81,,,
1518048000,813.55,,,
1518134400,877.88,,,
1518220800,850.75,,,
1518307200,811.24,,,
1518393600,865.27,,,
1518480000,840.98,,,
1518566400,920.11,,,
1518652800,927.95,,,
1518739200,938.02,,,
1518825600,974.77,,,
1518912000,913.9,,,
1518998400,939.79,,,
1519084800,885.52,,,
1519171200,840.1,,,
1519257600,804.63,,,
1519344000,854.7,,,
1519430400,833.49,,,
1519516800,840.28,,,
1519603200,867.62,,,
1519689600,871.58,,,
1519776000,851.5,,,
1519862400,869.87,,,
1519948800,855.6,,,
1520035200,855.65,,,
1520121600,864.83,,,
1520208000,849.42,,,
1520294400,815.69,,,
1520380800,751.13,,,
1520467200,698.83,,,
1520553600,726.92,,,
1520640000,682.3,,,
1520726400,720.36,,,
1520812800,697.02,,,
1520899200,689.96,,,
1520985600,613.15,,,
1521072000,610.56,,,
1521158400,600.53,,,
1521244800,549.79,,,
1521331200,537.38,,,
1521417600,555.55,,,
1521504000,557.57,,,
1521590400,559.91,,,
1521676800,539.89,,,
1521763200,543.83,,,
1521849600,520.16,,,
1521936000,523.01,,,
1522022400,486.25,,,
1522108800,448.78,,,
1522195200,445.93,,,
1522281600,383.9,,,
1522368000,393.82,,,
1522454400,394.07,,,
1522540800,378.85,,,
1522627200,384.68,,,
1522713600,415.93,,,
1522800000,378.65,,,
1522886400,381.36,,,
1522972800,370.35,,,
1523059200,384.98,,,
1523145600,400.72,,,
1523232000,399.02,,,
1523318400,415.65,,,
1523404800,430.42,,,
1523491200,493.95,,,
1523577600,494.96,,,
1523664000,502.79,,,
1523750400,534.15,,,
1523836800,511.67,,,
1523923200,503.03,,,
1524009600,525.78,,,
1524096000,567.25,,,
1524182400,617.16,,,
1524268800,605.17,,,
1524355200,621.33,,,
1524441600,644.13,,,
1524528000,703.35,,,
1524614400,617.73,,,
1524700800,661.45,,,
1524787200,643.33,,,
1524873600,683.02,,,
1524960000,689.31,,,
1525046400,670.04,,,
1525132800,670.81,,,
1525219200,686.74,,,
1525305600,777.62,,,
1525392000,784.21,,,
1525478400,816.58,,,
1525564800,790.39,,,
1525651200,752.4,,,
1525737600,747.79,,,
1525824000,751.27,,,
1525910400,723.61,,,
1525996800,677.8,,,
1526083200,683.64,,,
1526169600,729.34,,,
1526256000,727.41,,,
1526342400,705.64,,,
1526428800,706.72,,,
1526515200,668.38,,,
1526601600,693.57,,,
1526688000,696.05,,,
1526774400,715.15,,,
1526860800,696.73,,,
1526947200,640.84,,,
1527033600,577.01,,,
1527120000,602.59,,,
1527206400,584.77,,,
1527292800,585.76,,,
1527379200,569.64,,,
1527465600,512.03,,,
1527552000,566.59,,,
1527638400,557.12,,,
1527724800,577.23,,,
1527811200,579.01,,,
1527897600,590.53,,,
1527984000,619.04,,,
1528070400,591.31,,,
1528156800,608.23,,,
1528243200,606.3,,,
1528329600,604.44,,,
1528416000,599.55,,,
1528502400,593.38,,,
1528588800,524.74,,,
1528675200,531.15,,,
1528761600,494.53,,,
1528848000,476.3,,,
1528934400,519.83,,,
1529020800,487.51,,,
1529107200,497.22,,,
1529193600,496.74,,,
1529280000,517.63,,,
1529366400,538.45,,,
1529452800,536.16,,,
1529539200,525.77,,,
1529625600,462.16,,,
1529712000,474.18,,,
1529798400,455.25,,,
1529884800,458.82,,,
1529971200,429.58,,,
1530057600,441.75,,,
1530144000,420.72,,,
1530230400,435.25,,,
1530316800,453.42,,,
1530403200,451.95,,,
1530489600,476.58,,,
1530576000,461.95,,,
1530662400,467.19,,,
1530748800,467.55,,,
1530835200,469.93,,,
1530921600,485.81,,,
1531008000,486.19,,,
1531094400,471.48,,,
1531180800,432.69,,,
1531267200,445.59,,,
1531353600,430.91,,,
1531440000,432.46,,,
1531526400,433.74,,,
1531612800,449.62,,,
1531699200,478.75,,,
1531785600,499.06,,,
1531872000,479.02,,,
1531958400,468.65,,,
1532044800,448.84,,,
1532131200,461.04,,,
1532217600,457.65,,,
1532304000,449.63,,,
1532390400,479.47,,,
1532476800,471.28,,,
1532563200,462.03,,,
1532649600,469.69,,,
1532736000,468.55,,,
1532822400,466.2,,,
1532908800,456.56,,,
1532995200,431.99,,,
1533081600,419.87,,,
1533168000,410.83,,,
1533254400,417.62,,,
1533340800,406.91,,,
1533427200,408.81,,,
1533513600,404.95,,,
1533600000,377.94,,,
1533686400,355.57,,,
1533772800,363.51,,,
1533859200,331.57,,,
1533945600,318.01,,,
1534032000,318.2,,,
1534118400,284.03,,,
1534204800,278.31,,,
1534291200,281.24,,,
1534377600,286.8,,,
1534464000,317.57,,,
1534550400,294.85,,,
1534636800,299.62,,,
1534723200,270.81,,,
1534809600,281.13,,,
1534896000,270.37,,,
1534982400,275.83,,,
1535068800,281.37,,,
1535155200,277.56,,,
1535241600,274.3,,,
1535328000,288.02,,,
1535414400,295.55,,,
1535500800,288.67,,,
1535587200,284.15,,,
1535673600,281.66,,,
1535760000,295.36,,,
1535846400,295.02,,,
1535932800,288.97,,,
1536019200,285.23,,,
1536105600,228.27,,,
1536192000,229.52,,,
1536278400,215.14,,,
1536364800,196.77,,,
1536451200,195.99,,,
1536537600,197.14,,,
1536624000,185.15,,,
1536710400,183.03,,,
1536796800,211.27,,,
1536883200,208.87,,,
1536969600,221.63,,,
1537056000,220.12,,,
1537142400,196.04,,,
1537228800,208.39,,,
1537315200,209.78,,,
1537401600,224.76,,,
1537488000,247.69,,,
1537574400,240.78,,,
1537660800,244.55,,,
1537747200,227.92,,,
1537833600,219.2,,,
1537920000,214.21,,,
1538006400,229.09,,,
1538092800,221.56,,,
1538179200,231.32,,,
1538265600,232.6,,,
1538352000,230.89,,,
1538438400,225.41,,,
1538524800,219.97,,,
1538611200,221.76,,,
1538697600,227.9,,,
1538784000,224.62,,,
1538870400,225.65,,,
1538956800,229.33,,,
1539043200,227.49,,,
1539129600,225.26,,,
1539216000,189.83,,,
1539302400,195.97,,,
1539388800,199.45,,,
1539475200,194.99,,,
1539561600,210.8,,,
1539648000,210.22,,,
1539734400,207.6,,,
1539820800,202.49,,,
1539907200,202.86,,,
1539993600,205.08,,,
1540080000,204.77,,,
1540166400,203.6,,,
1540252800,203.7,,,
1540339200,202.92,,,
1540425600,201.23,,,
1540512000,203.37,,,
1540598400,202.79,,,
1540684800,203.72,,,
1540771200,195.67,,,
1540857600,196.19,,,
1540944000,197.85,,,
1541030400,198.73,,,
1541116800,201.02,,,
1541203200,199.47,,,
1541289600,211.3,,,
1541376000,209.7,,,
1541462400,219.56,,,
1541548800,217.99,,,
1541635200,211.29,,,
1541721600,209.39,,,
1541808000,211.9,,,
1541894400,211.7,,,
1541980800,210.81,,,
1542067200,206.42,,,
1542153600,182.72,,,
1542240000,181.53,,,
1542326400,174.84,,,
1542412800,174.22,,,
1542499200,177.53,,,
1542585600,148.22,,,
1542672000,130.74,,,
1542758400,136.5,,,
1542844800,124.83,,,
1542931200,123.37,,,
1543017600,112.75,,,
1543104000,116.75,,,
1543190400,108.87,,,
1543276800,110.19,,,
1543363200,122.88,,,
1543449600,117.48,,,
1543536000,112.87,,,
1543622400,118.5,,,
1543708800,115.96,,,
1543795200,108.23,,,
1543881600,109.82,,,
1543968000,101.57,,,
1544054400,90.43,,,
1544140800,93.61,,,
1544227200,91.44,,,
1544313600,94.42,,,
1544400000,90.7,,,
1544486400,88.05,,,
1544572800,90.52,,,
1544659200,86.39,,,
1544745600,83.9,,,
1544832000,84.27,,,
1544918400,85.39,,,
1545004800,95.44,,,
1545091200,102.44,,,
1545177600,100.63,,,
1545264000,116.43,,,
1545350400,109.44,,,
1545436800,118.36,,,
1545523200,131.56,,,
1545609600,140.87,,,
1545696000,130.99,,,
1545782400,132.61,,,
1545868800,116.72,,,
1545955200,139.73,,,
1546041600,137.3,,,
1546128000,141.33,,,
1546214400,133.49,,,
1546300800,142.66,,,
1546387200,156.57,,,
1546473600,149.44,,,
1546560000,156.04,,,
1546646400,156.23,,,
1546732800,158.61,,,
1546819200,152.09,,,
1546905600,151.1,,,
1546992000,151.17,,,
1547078400,127.96,,,
1547164800,127.16,,,
1547251200,125.83,,,
1547337600,116.56,,,
1547424000,129.74,,,
1547510400,121.22,,,
1547596800,123.12,,,
1547683200,123.72,,,
1547769600,120.57,,,
1547856000,124.85,,,
1547942400,118.41,,,
1548028800,116.72,,,
1548115200,119.12,,,
1548201600,117.57,,,
1548288000,117.7,,,
1548374400,115.92,,,
1548460800,116.33,,,
1548547200,112.27,,,
1548633600,106.36,,,
1548720000,104.75,,,
1548806400,109.04,,,
1548892800,106.89,,,
1548979200,107.03,,,
1549065600,111,,,
1549152000,107.21,,,
1549238400,106.9,,,
1549324800,106.93,,,
1549411200,104.5,,,
1549497600,104.3,,,
1549584000,119.49,,,
1549670400,119.46,,,
1549756800,125.58,,,
1549843200,120.76,,,
1549929600,122.63,,,
1550016000,122.31,,,
1550102400,120.85,,,
1550188800,122.02,,,
1550275200,123.26,,,
1550361600,134.28,,,
1550448000,146.53,,,
1550534400,144.4,,,
1550620800,149.23,,,
1550707200,146.36,,,
1550793600,149.04,,,
1550880000,159.48,,,
1550966400,133.42,,,
1551052800,139.02,,,
1551139200,137.12,,,
1551225600,135.94,,,
1551312000,136.29,,,
1551398400,136.15,,,
1551484800,133.81,,,
1551571200,131.21,,,
1551657600,126.43,,,
1551744000,137.93,,,
1551830400,138.49,,,
1551916800,137.65,,,
1552003200,134.42,,,
1552089600,138.24,,,
1552176000,136.36,,,
1552262400,133.54,,,
1552348800,134.37,,,
1552435200,132.93,,,
1552521600,132.89,,,
1552608000,137.63,,,
1552694400,141.68,,,
1552780800,139.74,,,
1552867200,138.5,,,
1552953600,139.46,,,
1553040000,140.22,,,
1553126400,135.61,,,
1553212800,136.76,,,
1553299200,137.74,,,
1553385600,136.21,,,
1553472000,133.96,,,
1553558400,134.29,,,
1553644800,140.23,,,
1553731200,138.39,,,
1553817600,144.41,,,
1553904000,143.29,,,
1553990400,142.4,,,
1554076800,141.85,,,
1554163200,164.93,,,
1554249600,161.18,,,
1554336000,158.07,,,
1554422400,166.39,,,
1554508800,166.28,,,
1554595200,175.57,,,
1554681600,181.06,,,
1554768000,176.3,,,
1554854400,177.39,,,
1554940800,165.24,,,
1555027200,164.56,,,
1555113600,164.53,,,
1555200000,168.68,,,
1555286400,160.3,,,
1555372800,166.9,,,
1555459200,167.02,,,
1555545600,174.6,,,
1555632000,174.13,,,
1555718400,173.96,,,
1555804800,170.3,,,
1555891200,171.9,,,
1555977600,170.66,,,
1556064000,166.05,,,
1556150400,152.99,,,
1556236800,156.45,,,
1556323200,158.36,,,
1556409600,158.05,,,
1556496000,156.69,,,
1556582400,164.39,,,
1556668800,161.42,,,
1556755200,161.29,,,
1556841600,168.24,,,
1556928000,163.61,,,
1557014400,163.94,,,
1557100800,173.7,,,
1557187200,168.59,,,
1557273600,171.42,,,
1557360000,170.86,,,
1557446400,172.5,,,
1557532800,192.44,,,
1557619200,188.14,,,
1557705600,195.83,,,
1557792000,217.16,,,
1557878400,248.64,,,
1557964800,264.47,,,
1558051200,244.84,,,
1558137600,233.96,,,
1558224000,260.9,,,
1558310400,252.1,,,
1558396800,254.94,,,
1558483200,243.46,,,
1558569600,245.6,,,
1558656000,249.61,,,
1558742400,251.49,,,
1558828800,268.26,,,
1558915200,271.83,,,
1559001600,271.45,,,
1559088000,269.6,,,
1559174400,254.45,,,
1559260800,267.42,,,
1559347200,264.71,,,
1559433600,269.31,,,
1559520000,249.61,,,
1559606400,241.1,,,
1559692800,246.16,,,
1559779200,249.43,,,
1559865600,249.54,,,
1559952000,244.4,,,
1560038400,231.43,,,
1560124800,247.96,,,
1560211200,245.16,,,
1560297600,263.05,,,
1560384000,255.09,,,
1560470400,263.76,,,
1560556800,269.22,,,
1560643200,268.53,,,
1560729600,273.92,,,
1560816000,264.51,,,
1560902400,269.01,,,
1560988800,272.21,,,
1561075200,296.03,,,
1561161600,309.41,,,
1561248000,307.37,,,
1561334400,311.22,,,
1561420800,316.53,,,
1561507200,333.76,,,
1561593600,294.07,,,
1561680000,309.37,,,
1561766400,317.32,,,
1561852800,290.15,,,
1561939200,294.17,,,
1562025600,291.61,,,
1562112000,302.17,,,
1562198400,283.1,,,
1562284800,287.9,,,
1562371200,287.98,,,
1562457600,306.43,,,
1562544000,313.34,,,
1562630400,307.89,,,
1562716800,288.64,,,
1562803200,268.56,,,
1562889600,275.41,,,
1562976000,268.94,,,
1563062400,226.16,,,
1563148800,228.14,,,
1563235200,198.71,,,
1563321600,211.29,,,
1563408000,226.09,,,
1563494400,221.28,,,
1563580800,228.71,,,
1563667200,225.4,,,
1563753600,217.22,,,
1563840000,212.21,,,
1563926400,216.66,,,
1564012800,219.41,,,
1564099200,219.23,,,
1564185600,219.85,,,
1564272000,211.15,,,
1564358400,211.52,,,
1564444800,209.82,,,
1564531200,218.7,,,
1564617600,217.51,,,
1564704000,217.7,,,
1564790400,217.73,,,
1564876800,222.7,,,
1564963200,233.19,,,
1565049600,228.7,,,
1565136000,225.99,,,
1565222400,221.18,,,
1565308800,210.47,,,
1565395200,206.26,,,
1565481600,216.39,,,
1565568000,211.28,,,
1565654400,208.62,,,
1565740800,186.49,,,
1565827200,188.24,,,
1565913600,185.41,,,
1566000000,185.69,,,
1566086400,194.77,,,
1566172800,202.43,,,
1566259200,196.55,,,
1566345600,187.32,,,
1566432000,190.74,,,
1566518400,194.64,,,
1566604800,191.08,,,
1566691200,186.58,,,
1566777600,188.46,,,
1566864000,187.17,,,
1566950400,173.01,,,
1567036800,168.95,,,
1567123200,168.52,,,
1567209600,172.15,,,
1567296000,171.42,,,
1567382400,178.76,,,
1567468800,179.13,,,
1567555200,175.01,,,
1567641600,174.38,,,
1567728000,169.47,,,
1567814400,178.32,,,
1567900800,181.67,,,
1567987200,180.84,,,
1568073600,180.01,,,
1568160000,178.48,,,
1568246400,181.19,,,
1568332800,181.56,,,
1568419200,188.9,,,
1568505600,189.48,,,
1568592000,197.85,,,
1568678400,207.9,,,
1568764800,210.5,,,
1568851200,221.01,,,
1568937600,218.26,,,
1569024000,215.1,,,
1569110400,211.23,,,
1569196800,200.97,,,
1569283200,166.47,,,
1569369600,170.22,,,
1569456000,166.06,,,
1569542400,174.39,,,
1569628800,174.14,,,
1569715200,169.68,,,
1569801600,181.47,,,
1569888000,176.39,,,
1569974400,181.06,,,
1570060800,175.17,,,
1570147200,176.21,,,
1570233600,176.9,,,
1570320000,170.26,,,
1570406400,180.49,,,
1570492800,181.09,,,
1570579200,193.43,,,
1570665600,191.73,,,
1570752000,180.94,,,
1570838400,180.09,,,
1570924800,181.37,,,
1571011200,186.96,,,
1571097600,180.74,,,
1571184000,174.76,,,
1571270400,177.5,,,
1571356800,173.29,,,
1571443200,172.37,,,
1571529600,175.84,,,
1571616000,174.64,,,
1571702400,171.64,,,
1571788800,162.72,,,
1571875200,161.07,,,
1571961600,181.79,,,
1572048000,180.16,,,
1572134400,184.34,,,
1572220800,182.09,,,
1572307200,191.11,,,
1572393600,183.52,,,
1572480000,182.59,,,
1572566400,183.4,,,
1572652800,183.45,,,
1572739200,181.92,,,
1572825600,186.49,,,
1572912000,188.96,,,
1572998400,191.24,,,
1573084800,186.54,,,
1573171200,183.85,,,
1573257600,185.11,,,
1573344000,189.29,,,
1573430400,184.91,,,
1573516800,187.09,,,
1573603200,188.1,,,
1573689600,184.68,,,
1573776000,180.03,,,
1573862400,182.61,,,
1573948800,184.2,,,
1574035200,178.23,,,
1574121600,175.96,,,
1574208000,174.68,,,
1574294400,161.18,,,
1574380800,150.22,,,
1574467200,152.42,,,
1574553600,140.42,,,
1574640000,146.22,,,
1574726400,148,,,
1574812800,153.05,,,
1574899200,151.31,,,
1574985600,154.94,,,
1575072000,152.2,,,
1575158400,151.36,,,
1575244800,149.36,,,
1575331200,147.73,,,
1575417600,145.73,,,
1575504000,148.32,,,
1575590400,149.06,,,
1575676800,147.79,,,
1575763200,151.06,,,
1575849600,147.68,,,
1575936000,145.92,,,
1576022400,143.61,,,
1576108800,145.05,,,
1576195200,144.97,,,
1576281600,142.18,,,
1576368000,142.74,,,
1576454400,132.68,,,
1576540800,122.11,,,
1576627200,133.07,,,
1576713600,128.31,,,
1576800000,128.58,,,
1576886400,127.52,,,
1576972800,132.56,,,
1577059200,128.1,,,
1577145600,128.02,,,
1577232000,125.1,,,
1577318400,125.73,,,
1577404800,126.5,,,
1577491200,128.21,,,
1577577600,134.55,,,
1577664000,131.41,,,
1577750400,128.91,,,
1577836800,130.6,,,
1577923200,127.18,,,
1578009600,134.25,,,
1578096000,134.33,,,
1578182400,135.44,,,
1578268800,144.28,,,
1578355200,143.18,,,
1578441600,140.66,,,
1578528000,137.9,,,
1578614400,144.88,,,
1578700800,142.69,,,
1578787200,146.55,,,
1578873600,143.7,,,
1578960000,165.86,,,
1579046400,166.22,,,
1579132800,164.09,,,
1579219200,169.74,,,
1579305600,174,,,
1579392000,166.94,,,
1579478400,166.77,,,
1579564800,169.36,,,
1579651200,167.79,,,
1579737600,162.63,,,
1579824000,162.45,,,
1579910400,160.36,,,
1579996800,167.72,,,
1580083200,169.95,,,
1580169600,176,,,
1580256000,173.55,,,
1580342400,184.47,,,
1580428800,179.76,,,
1580515200,183.66,,,
1580601600,188.39,,,
1580688000,189.77,,,
1580774400,188.44,,,
1580860800,203.85,,,
1580947200,212.88,,,
1581033600,223.14,,,
1581120000,223.2,,,
1581206400,228.6,,,
1581292800,223.11,,,
1581379200,237.8,,,
1581465600,266.13,,,
1581552000,268.56,,,
1581638400,285.79,,,
1581724800,264.85,,,
1581811200,259.43,,,
1581897600,268.07,,,
1581984000,282.92,,,
1582070400,258.72,,,
1582156800,257.7,,,
1582243200,265.6,,,
1582329600,262.31,,,
1582416000,275.64,,,
1582502400,265.74,,,
1582588800,246.84,,,
1582675200,223.73,,,
1582761600,227.57,,,
1582848000,227.56,,,
1582934400,217.68,,,
1583020800,218.02,,,
1583107200,232.09,,,
1583193600,223.77,,,
1583280000,224.68,,,
1583366400,228.7,,,
1583452800,245.76,,,
1583539200,237.78,,,
1583625600,199.68,,,
1583712000,203.08,,,
1583798400,200.62,,,
1583884800,194.86,,,
1583971200,109.78,,,
1584057600,135.44,,,
1584144000,122.58,,,
1584230400,123.53,,,
1584316800,111.32,,,
1584403200,116.3,,,
1584489600,118.62,,,
1584576000,136.7,,,
1584662400,133.4,,,
1584748800,132.72,,,
1584835200,122.44,,,
1584921600,136.74,,,
1585008000,139.07,,,
1585094400,136.28,,,
1585180800,138.97,,,
1585267200,131.51,,,
1585353600,131.34,,,
1585440000,124.55,,,
1585526400,132.31,,,
1585612800,133.17,,,
1585699200,136.05,,,
1585785600,141.59,,,
1585872000,141.45,,,
1585958400,144.49,,,
1586044800,142.88,,,
1586131200,171.62,,,
1586217600,164.66,,,
1586304000,173.41,,,
1586390400,169.92,,,
1586476800,158.12,,,
1586563200,158.67,,,
1586649600,158.75,,,
1586736000,156.82,,,
1586822400,158.6,,,
1586908800,152.85,,,
1586995200,172.58,,,
1587081600,170.98,,,
1587168000,187.81,,,
1587254400,180.34,,,
1587340800,170.6,,,
1587427200,171,,,
1587513600,183.04,,,
1587600000,185.68,,,
1587686400,187.7,,,
1587772800,194.39,,,
1587859200,197.78,,,
1587945600,196.78,,,
1588032000,196.86,,,
1588118400,215.55,,,
1588204800,206.27,,,
1588291200,211.98,,,
1588377600,214.15,,,
1588464000,210.06,,,
1588550400,206.94,,,
1588636800,205.48,,,
1588723200,199.1,,,
1588809600,212.37,,,
1588896000,211.54,,,
1588982400,210.1,,,
1589068800,187.84,,,
1589155200,185.88,,,
1589241600,189.9,,,
1589328000,199.85,,,
1589414400,203.32,,,
1589500800,194.65,,,
1589587200,200.51,,,
1589673600,206.98,,,
1589760000,214.73,,,
1589846400,214.63,,,
1589932800,209.85,,,
1590019200,198.56,,,
1590105600,207.28,,,
1590192000,206.7,,,
1590278400,199.78,,,
1590364800,204.1,,,
1590451200,201.03,,,
1590537600,208.34,,,
1590624000,220.3,,,
1590710400,220.56,,,
1590796800,243.57,,,
1590883200,231.73,,,
1590969600,248.21,,,
1591056000,237.81,,,
1591142400,244.56,,,
1591228800,243.35,,,
1591315200,240.08,,,
1591401600,242.08,,,
1591488000,244.75,,,
1591574400,246.47,,,
1591660800,244,,,
1591747200,248.01,,,
1591833600,230.21,,,
1591920000,237.54,,,
1592006400,238.21,,,
1592092800,231.61,,,
1592179200,230.98,,,
1592265600,235.35,,,
1592352000,233.76,,,
1592438400,231.24,,,
1592524800,228.71,,,
1592611200,228.89,,,
1592697600,227.83,,,
1592784000,243.3,,,
1592870400,243.16,,,
1592956800,234.56,,,
1593043200,232.35,,,
1593129600,229.46,,,
1593216000,220.81,,,
1593302400,224.99,,,
1593388800,227.86,,,
1593475200,225.58,,,
1593561600,231.05,,,
1593648000,226.49,,,
1593734400,225.15,,,
1593820800,229.34,,,
1593907200,228.03,,,
1593993600,241.76,,,
1594080000,239.35,,,
1594166400,247.11,,,
1594252800,242.08,,,
1594339200,241.21,,,
1594425600,239.25,,,
1594512000,242.84,,,
1594598400,239.53,,,
1594684800,240.44,,,
1594771200,238.42,,,
1594857600,233.61,,,
1594944000,232.77,,,
1595030400,235.84,,,
1595116800,239.22,,,
1595203200,236.16,,,
1595289600,245.87,,,
1595376000,264.32,,,
1595462400,275.65,,,
1595548800,279.6,,,
1595635200,305.67,,,
1595721600,311.47,,,
1595808000,322.39,,,
1595894400,317.47,,,
1595980800,318.27,,,
1596067200,335.25,,,
1596153600,346.81,,,
1596240000,387.41,,,
1596326400,371.93,,,
1596412800,386.1,,,
1596499200,389.79,,,
1596585600,401.12,,,
1596672000,395.07,,,
1596758400,379.57,,,
1596844800,397.56,,,
1596931200,390.28,,,
1597017600,395.84,,,
1597104000,378.94,,,
1597190400,387.19,,,
1597276800,424.97,,,
1597363200,438.51,,,
1597449600,432.63,,,
1597536000,433.85,,,
1597622400,431.26,,,
1597708800,422.38,,,
1597795200,407.85,,,
1597881600,416.04,,,
1597968000,387.98,,,
1598054400,395.46,,,
1598140800,390.72,,,
1598227200,408.03,,,
1598313600,383.34,,,
1598400000,386.02,,,
1598486400,383.18,,,
1598572800,395.54,,,
1598659200,398.79,,,
1598745600,429.04,,,
1598832000,434.1,,,
1598918400,475.81,,,
1599004800,439.83,,,
1599091200,382.46,,,
1599177600,385.91,,,
1599264000,335.24,,,
1599350400,352.69,,,
1599436800,353.7,,,
1599523200,337.45,,,
1599609600,351.15,,,
1599696000,368.09,,,
1599782400,373.99,,,
1599868800,387.88,,,
1599955200,366.33,,,
1600041600,377.24,,,
1600128000,364.19,,,
1600214400,365.19,,,
1600300800,389.49,,,
1600387200,384.66,,,
1600473600,385.36,,,
1600560000,371.06,,,
1600646400,340.19,,,
1600732800,344.25,,,
1600819200,320.19,,,
1600905600,349.18,,,
1600992000,352.02,,,
1601078400,354.21,,,
1601164800,357.67,,,
1601251200,354.01,,,
1601337600,359.92,,,
1601424000,359.86,,,
1601510400,353.09,,,
1601596800,345.83,,,
1601683200,346.32,,,
1601769600,352.67,,,
1601856000,353.84,,,
1601942400,340.85,,,
1602028800,341.91,,,
1602115200,351.2,,,
1602201600,365.41,,,
1602288000,370.88,,,
1602374400,374.4,,,
1602460800,386.91,,,
1602547200,381.41,,,
1602633600,379.04,,,
1602720000,377.82,,,
1602806400,365.58,,,
1602892800,368.53,,,
1602979200,378.44,,,
1603065600,379.41,,,
1603152000,368.83,,,
1603238400,391.46,,,
1603324800,414.5,,,
1603411200,409.57,,,
1603497600,412.52,,,
1603584000,406.3,,,
1603670400,393.11,,,
1603756800,403.74,,,
1603843200,388.77,,,
1603929600,387.54,,,
1604016000,382.76,,,
1604102400,386.76,,,
1604188800,396.49,396.49,396.49,396.49
1604275200,,396.6407357,358.59,434.69
1604361600,,396.7914713,347.24,446.34
1604448000,,396.942207,338.07,455.81
1604534400,,397.0929426,330.18,464.01
1604620800,,397.2436783,323.13,471.36
1604707200,,397.3944139,316.71,478.08
1604793600,,397.5451496,310.77,484.32
1604880000,,397.6958852,305.22,490.17
1604966400,,397.8466209,299.98,495.71
1605052800,,397.9973566,295.02,500.97
1605139200,,398.1480922,290.29,506.01
1605225600,,398.2988279,285.76,510.84
1605312000,,398.4495635,281.40,515.50
1605398400,,398.6002992,277.20,520.00
1605484800,,398.7510348,273.15,524.35
1605571200,,398.9017705,269.22,528.59
1605657600,,399.0525061,265.40,532.70
1605744000,,399.2032418,261.69,536.71
1605830400,,399.3539775,258.08,540.63
1605916800,,399.5047131,254.56,544.45
1606003200,,399.6554488,251.12,548.19
1606089600,,399.8061844,247.75,551.86
1606176000,,399.9569201,244.46,555.45
1606262400,,400.1076557,241.23,558.98
1606348800,,400.2583914,238.07,562.45
1606435200,,400.4091271,234.97,565.85
1606521600,,400.5598627,231.92,569.20
1606608000,,400.7105984,228.92,572.50
1606694400,,400.861334,225.97,575.75
1606780800,,401.0120697,223.07,578.95
1606867200,,401.1628053,220.22,582.11
1606953600,,401.313541,217.40,585.22
1607040000,,401.4642766,214.63,588.30
1607126400,,401.6150123,211.90,591.33
1607212800,,401.765748,209.20,594.33
1607299200,,401.9164836,206.54,597.30
1607385600,,402.0672193,203.91,600.23
1607472000,,402.2179549,201.31,603.13
1607558400,,402.3686906,198.74,605.99
1607644800,,402.5194262,196.21,608.83
1607731200,,402.6701619,193.70,611.64
1607817600,,402.8208975,191.22,614.42
1607904000,,402.9716332,188.76,617.18
1607990400,,403.1223689,186.34,619.91
1608076800,,403.2731045,183.93,622.61
1608163200,,403.4238402,181.55,625.30
1608249600,,403.5745758,179.19,627.96
1608336000,,403.7253115,176.86,630.59
1608422400,,403.8760471,174.54,633.21
1608508800,,404.0267828,172.25,635.80
1608595200,,404.1775184,169.98,638.38
1608681600,,404.3282541,167.72,640.93
1608768000,,404.4789898,165.49,643.47
1608854400,,404.6297254,163.27,645.99
1608940800,,404.7804611,161.07,648.49
1609027200,,404.9311967,158.89,650.97
1609113600,,405.0819324,156.73,653.44
1609200000,,405.232668,154.58,655.89
1609286400,,405.3834037,152.44,658.32
1609372800,,405.5341394,150.33,660.74
1609459200,,405.684875,148.22,663.15
1609545600,,405.8356107,146.14,665.54
1609632000,,405.9863463,144.06,667.91
1609718400,,406.137082,142.00,670.27
1609804800,,406.2878176,139.96,672.62
1609891200,,406.4385533,137.92,674.96
1609977600,,406.5892889,135.90,677.28
1610064000,,406.7400246,133.89,679.59
1610150400,,406.8907603,131.90,681.88
1610236800,,407.0414959,129.91,684.17
1610323200,,407.1922316,127.94,686.44
1610409600,,407.3429672,125.98,688.71
1610496000,,407.4937029,124.03,690.96
1610582400,,407.6444385,122.09,693.20
1610668800,,407.7951742,120.16,695.43
1610755200,,407.9459098,118.24,697.65
1610841600,,408.0966455,116.34,699.86
1610928000,,408.2473812,114.44,702.06
1611014400,,408.3981168,112.55,704.25
1611100800,,408.5488525,110.67,706.43
1611187200,,408.6995881,108.80,708.60
1611273600,,408.8503238,106.94,710.76
1611360000,,409.0010594,105.09,712.91
1611446400,,409.1517951,103.25,715.06
1611532800,,409.3025307,101.41,717.19
1611619200,,409.4532664,99.59,719.32
1611705600,,409.6040021,97.77,721.44
1611792000,,409.7547377,95.96,723.55
1611878400,,409.9054734,94.16,725.65
1611964800,,410.056209,92.37,727.74
1612051200,,410.2069447,90.58,729.83
1612137600,,410.3576803,88.80,731.91
1612224000,,410.508416,87.03,733.98
1612310400,,410.6591517,85.27,736.05
1612396800,,410.8098873,83.51,738.11
1612483200,,410.960623,81.76,740.16
1612569600,,411.1113586,80.02,742.20
1612656000,,411.2620943,78.28,744.24
1612742400,,411.4128299,76.56,746.27
1612828800,,411.5635656,74.83,748.29
1612915200,,411.7143012,73.12,750.31
1613001600,,411.8650369,71.41,752.32
1613088000,,412.0157726,69.70,754.33
1613174400,,412.1665082,68.00,756.33
1613260800,,412.3172439,66.31,758.32
1613347200,,412.4679795,64.63,760.31
1613433600,,412.6187152,62.94,762.29
1613520000,,412.7694508,61.27,764.27
1613606400,,412.9201865,59.60,766.24
1613692800,,413.0709221,57.94,768.20
1613779200,,413.2216578,56.28,770.16
1613865600,,413.3723935,54.63,772.12
1613952000,,413.5231291,52.98,774.07
1614038400,,413.6738648,51.34,776.01
1614124800,,413.8246004,49.70,777.95
1614211200,,413.9753361,48.07,779.89
1614297600,,414.1260717,46.44,781.81
1614384000,,414.2768074,44.81,783.74
1614470400,,414.427543,43.20,785.66
1614556800,,414.5782787,41.58,787.57
1614643200,,414.7290144,39.97,789.48
1614729600,,414.87975,38.37,791.39
1614816000,,415.0304857,36.77,793.29
1614902400,,415.1812213,35.18,795.19
1614988800,,415.331957,33.58,797.08
1615075200,,415.4826926,32.00,798.97
1615161600,,415.6334283,30.42,800.85
1615248000,,415.784164,28.84,802.73
1615334400,,415.9348996,27.26,804.61
1615420800,,416.0856353,25.69,806.48
1615507200,,416.2363709,24.13,808.35
1615593600,,416.3871066,22.56,810.21
1615680000,,416.5378422,21.01,812.07
1615766400,,416.6885779,19.45,813.92
1615852800,,416.8393135,17.90,815.78
1615939200,,416.9900492,16.35,817.63
1616025600,,417.1407849,14.81,819.47
1616112000,,417.2915205,13.27,821.31
1616198400,,417.4422562,11.74,823.15
1616284800,,417.5929918,10.20,824.98
1616371200,,417.7437275,8.67,826.81
1616457600,,417.8944631,7.15,828.64
1616544000,,418.0451988,5.63,830.46
1616630400,,418.1959344,4.11,832.28
1616716800,,418.3466701,2.59,834.10
1616803200,,418.4974058,1.08,835.91
1616889600,,418.6481414,-0.43,837.73
1616976000,,418.7988771,-1.93,839.53
1617062400,,418.9496127,-3.44,841.34
1617148800,,419.1003484,-4.94,843.14
1617235200,,419.251084,-6.43,844.94
1617321600,,419.4018197,-7.93,846.73
1617408000,,419.5525553,-9.42,848.52
1617494400,,419.703291,-10.91,850.31
1617580800,,419.8540267,-12.39,852.10
1617667200,,420.0047623,-13.87,853.88
1617753600,,420.155498,-15.35,855.66
1617840000,,420.3062336,-16.83,857.44
1617926400,,420.4569693,-18.30,859.21
1618012800,,420.6077049,-19.77,860.99
1618099200,,420.7584406,-21.24,862.76
1618185600,,420.9091763,-22.70,864.52
1618272000,,421.0599119,-24.17,866.29
1618358400,,421.2106476,-25.63,868.05
1618444800,,421.3613832,-27.09,869.81
1618531200,,421.5121189,-28.54,871.56
1618617600,,421.6628545,-29.99,873.32
1618704000,,421.8135902,-31.44,875.07
1618790400,,421.9643258,-32.89,876.82
1618876800,,422.1150615,-34.34,878.57
1618963200,,422.2657972,-35.78,880.31
1619049600,,422.4165328,-37.22,882.05
1619136000,,422.5672685,-38.66,883.79
1619222400,,422.7180041,-40.09,885.53
1619308800,,422.8687398,-41.53,887.26
1619395200,,423.0194754,-42.96,889.00
1619481600,,423.1702111,-44.39,890.73
1619568000,,423.3209467,-45.81,892.45
1619654400,,423.4716824,-47.24,894.18
1619740800,,423.6224181,-48.66,895.90
1619827200,,423.7731537,-50.08,897.63
1619913600,,423.9238894,-51.50,899.35
1620000000,,424.074625,-52.91,901.06
1620086400,,424.2253607,-54.33,902.78
1620172800,,424.3760963,-55.74,904.49
1620259200,,424.526832,-57.15,906.20
1620345600,,424.6775676,-58.56,907.91
1620432000,,424.8283033,-59.97,909.62
1620518400,,424.979039,-61.37,911.33
1620604800,,425.1297746,-62.77,913.03
1620691200,,425.2805103,-64.17,914.73
1620777600,,425.4312459,-65.57,916.43
1620864000,,425.5819816,-66.97,918.13
1620950400,,425.7327172,-68.36,919.83
1621036800,,425.8834529,-69.75,921.52
1621123200,,426.0341886,-71.15,923.21
1621209600,,426.1849242,-72.54,924.91
1621296000,,426.3356599,-73.92,926.59
1621382400,,426.4863955,-75.31,928.28
1621468800,,426.6371312,-76.69,929.97
1621555200,,426.7878668,-78.08,931.65
1621641600,,426.9386025,-79.46,933.33
1621728000,,427.0893381,-80.83,935.01
1621814400,,427.2400738,-82.21,936.69
1621900800,,427.3908095,-83.59,938.37
1621987200,,427.5415451,-84.96,940.05
1622073600,,427.6922808,-86.33,941.72
1622160000,,427.8430164,-87.71,943.39
1622246400,,427.9937521,-89.08,945.06
1622332800,,428.1444877,-90.44,946.73
1622419200,,428.2952234,-91.81,948.40
1622505600,,428.445959,-93.17,950.07
1622592000,,428.5966947,-94.54,951.73
1622678400,,428.7474304,-95.90,953.39
1622764800,,428.898166,-97.26,955.06
1622851200,,429.0489017,-98.62,956.72
1622937600,,429.1996373,-99.98,958.38
1623024000,,429.350373,-101.33,960.03
1623110400,,429.5011086,-102.69,961.69
1623196800,,429.6518443,-104.04,963.34
1623283200,,429.8025799,-105.39,965.00
1623369600,,429.9533156,-106.74,966.65
1623456000,,430.1040513,-108.09,968.30
1623542400,,430.2547869,-109.44,969.95
1623628800,,430.4055226,-110.79,971.60
1623715200,,430.5562582,-112.13,973.24
1623801600,,430.7069939,-113.48,974.89
1623888000,,430.8577295,-114.82,976.53
1623974400,,431.0084652,-116.16,978.18
1624060800,,431.1592009,-117.50,979.82
1624147200,,431.3099365,-118.84,981.46
1624233600,,431.4606722,-120.18,983.10
1624320000,,431.6114078,-121.51,984.74
1624406400,,431.7621435,-122.85,986.37
1624492800,,431.9128791,-124.18,988.01
1624579200,,432.0636148,-125.51,989.64
1624665600,,432.2143504,-126.85,991.27
1624752000,,432.3650861,-128.18,992.91
1624838400,,432.5158218,-129.51,994.54
1624924800,,432.6665574,-130.83,996.17
1625011200,,432.8172931,-132.16,997.80
1625097600,,432.9680287,-133.49,999.42
1625184000,,433.1187644,-134.81,1001.05
1625270400,,433.2695,-136.14,1002.67
1625356800,,433.4202357,-137.46,1004.30
1625443200,,433.5709713,-138.78,1005.92
1625529600,,433.721707,-140.10,1007.54
1625616000,,433.8724427,-141.42,1009.17
1625702400,,434.0231783,-142.74,1010.79
1625788800,,434.173914,-144.06,1012.40
1625875200,,434.3246496,-145.37,1014.02
1625961600,,434.4753853,-146.69,1015.64
1626048000,,434.6261209,-148.00,1017.25
1626134400,,434.7768566,-149.32,1018.87
1626220800,,434.9275922,-150.63,1020.48
1626307200,,435.0783279,-151.94,1022.10
1626393600,,435.2290636,-153.25,1023.71
1626480000,,435.3797992,-154.56,1025.32
1626566400,,435.5305349,-155.87,1026.93
1626652800,,435.6812705,-157.18,1028.54
1626739200,,435.8320062,-158.48,1030.15
1626825600,,435.9827418,-159.79,1031.76
1626912000,,436.1334775,-161.09,1033.36
1626998400,,436.2842132,-162.40,1034.97
1627084800,,436.4349488,-163.70,1036.57
1627171200,,436.5856845,-165.00,1038.18
1627257600,,436.7364201,-166.31,1039.78
1627344000,,436.8871558,-167.61,1041.38
1627430400,,437.0378914,-168.91,1042.98
1627516800,,437.1886271,-170.21,1044.58
1627603200,,437.3393627,-171.50,1046.18
1627689600,,437.4900984,-172.80,1047.78
1627776000,,437.6408341,-174.10,1049.38
1627862400,,437.7915697,-175.39,1050.98
1627948800,,437.9423054,-176.69,1052.57
1628035200,,438.093041,-177.98,1054.17
1628121600,,438.2437767,-179.28,1055.76
1628208000,,438.3945123,-180.57,1057.36
1628294400,,438.545248,-181.86,1058.95
1628380800,,438.6959836,-183.15,1060.54
1628467200,,438.8467193,-184.44,1062.14
1628553600,,438.997455,-185.73,1063.73
1628640000,,439.1481906,-187.02,1065.32
1628726400,,439.2989263,-188.31,1066.91
1628812800,,439.4496619,-189.60,1068.50
1628899200,,439.6003976,-190.88,1070.08
1628985600,,439.7511332,-192.17,1071.67
1629072000,,439.9018689,-193.45,1073.26
1629158400,,440.0526045,-194.74,1074.84
1629244800,,440.2033402,-196.02,1076.43
1629331200,,440.3540759,-197.31,1078.01
1629417600,,440.5048115,-198.59,1079.60
1629504000,,440.6555472,-199.87,1081.18
1629590400,,440.8062828,-201.15,1082.76
1629676800,,440.9570185,-202.43,1084.35
1629763200,,441.1077541,-203.71,1085.93
1629849600,,441.2584898,-204.99,1087.51
1629936000,,441.4092254,-206.27,1089.09
1630022400,,441.5599611,-207.55,1090.67
1630108800,,441.7106968,-208.82,1092.25
1630195200,,441.8614324,-210.10,1093.82
1630281600,,442.0121681,-211.38,1095.40
1630368000,,442.1629037,-212.65,1096.98
1630454400,,442.3136394,-213.93,1098.56
1630540800,,442.464375,-215.20,1100.13
1630627200,,442.6151107,-216.48,1101.71
1630713600,,442.7658464,-217.75,1103.28
1630800000,,442.916582,-219.02,1104.86
1630886400,,443.0673177,-220.29,1106.43
1630972800,,443.2180533,-221.57,1108.00
1631059200,,443.368789,-222.84,1109.57
1631145600,,443.5195246,-224.11,1111.15
1631232000,,443.6702603,-225.38,1112.72
1631318400,,443.8209959,-226.65,1114.29
1631404800,,443.9717316,-227.92,1115.86
1631491200,,444.1224673,-229.18,1117.43
1631577600,,444.2732029,-230.45,1119.00
1631664000,,444.4239386,-231.72,1120.57
1631750400,,444.5746742,-232.99,1122.14
1631836800,,444.7254099,-234.25,1123.70
1631923200,,444.8761455,-235.52,1125.27
1632009600,,445.0268812,-236.78,1126.84
1632096000,,445.1776168,-238.05,1128.40
1632182400,,445.3283525,-239.31,1129.97
1632268800,,445.4790882,-240.58,1131.53
1632355200,,445.6298238,-241.84,1133.10
1632441600,,445.7805595,-243.10,1134.66
1632528000,,445.9312951,-244.37,1136.23
1632614400,,446.0820308,-245.63,1137.79
1632700800,,446.2327664,-246.89,1139.35
1632787200,,446.3835021,-248.15,1140.92
1632873600,,446.5342377,-249.41,1142.48
1632960000,,446.6849734,-250.67,1144.04
1633046400,,446.8357091,-251.93,1145.60
1633132800,,446.9864447,-253.19,1147.16
1633219200,,447.1371804,-254.45,1148.72
1633305600,,447.287916,-255.71,1150.28
1633392000,,447.4386517,-256.96,1151.84
1633478400,,447.5893873,-258.22,1153.40
1633564800,,447.740123,-259.48,1154.96
1633651200,,447.8908587,-260.74,1156.52
1633737600,,448.0415943,-261.99,1158.08
1633824000,,448.19233,-263.25,1159.63
1633910400,,448.3430656,-264.50,1161.19
1633996800,,448.4938013,-265.76,1162.75
1634083200,,448.6445369,-267.02,1164.30
1634169600,,448.7952726,-268.27,1165.86
1634256000,,448.9460082,-269.52,1167.42
1634342400,,449.0967439,-270.78,1168.97
1634428800,,449.2474796,-272.03,1170.53
1634515200,,449.3982152,-273.28,1172.08
1634601600,,449.5489509,-274.54,1173.63
1634688000,,449.6996865,-275.79,1175.19
1634774400,,449.8504222,-277.04,1176.74
1634860800,,450.0011578,-278.29,1178.30
1634947200,,450.1518935,-279.54,1179.85
1635033600,,450.3026291,-280.80,1181.40
1635120000,,450.4533648,-282.05,1182.95
1635206400,,450.6041005,-283.30,1184.50
1635292800,,450.7548361,-284.55,1186.06
1635379200,,450.9055718,-285.80,1187.61
1635465600,,451.0563074,-287.05,1189.16
1635552000,,451.2070431,-288.29,1190.71
1635638400,,451.3577787,-289.54,1192.26
1635724800,,451.5085144,-290.79,1193.81
1635811200,,451.65925,-292.04,1195.36
1635897600,,451.8099857,-293.29,1196.91
1635984000,,451.9607214,-294.54,1198.46
1636070400,,452.111457,-295.78,1200.01
1636156800,,452.2621927,-297.03,1201.55
1636243200,,452.4129283,-298.28,1203.10
1636329600,,452.563664,-299.52,1204.65
1636416000,,452.7143996,-300.77,1206.20
1636502400,,452.8651353,-302.01,1207.74
1636588800,,453.015871,-303.26,1209.29
1636675200,,453.1666066,-304.51,1210.84
1636761600,,453.3173423,-305.75,1212.39
1636848000,,453.4680779,-307.00,1213.93
1636934400,,453.6188136,-308.24,1215.48
1637020800,,453.7695492,-309.48,1217.02
1637107200,,453.9202849,-310.73,1218.57
1637193600,,454.0710205,-311.97,1220.11
1637280000,,454.2217562,-313.22,1221.66
1637366400,,454.3724919,-314.46,1223.20
1637452800,,454.5232275,-315.70,1224.75
1637539200,,454.6739632,-316.95,1226.29
1637625600,,454.8246988,-318.19,1227.84
1637712000,,454.9754345,-319.43,1229.38
1637798400,,455.1261701,-320.67,1230.92
1637884800,,455.2769058,-321.91,1232.47
1637971200,,455.4276414,-323.16,1234.01
1638057600,,455.5783771,-324.40,1235.55
1638144000,,455.7291128,-325.64,1237.10
1638230400,,455.8798484,-326.88,1238.64
1638316800,,456.0305841,-328.12,1240.18
1638403200,,456.1813197,-329.36,1241.72
1638489600,,456.3320554,-330.60,1243.27
1638576000,,456.482791,-331.84,1244.81
1638662400,,456.6335267,-333.08,1246.35
1638748800,,456.7842623,-334.32,1247.89
1638835200,,456.934998,-335.56,1249.43
1638921600,,457.0857337,-336.80,1250.97
1639008000,,457.2364693,-338.04,1252.51
1639094400,,457.387205,-339.28,1254.05
1639180800,,457.5379406,-340.52,1255.60
1639267200,,457.6886763,-341.76,1257.14
1639353600,,457.8394119,-343.00,1258.68
1639440000,,457.9901476,-344.24,1260.22
1639526400,,458.1408833,-345.47,1261.76
1639612800,,458.2916189,-346.71,1263.30
1639699200,,458.4423546,-347.95,1264.83
1639785600,,458.5930902,-349.19,1266.37
1639872000,,458.7438259,-350.43,1267.91
1639958400,,458.8945615,-351.66,1269.45
1640044800,,459.0452972,-352.90,1270.99
1640131200,,459.1960328,-354.14,1272.53
1640217600,,459.3467685,-355.37,1274.07
1640304000,,459.4975042,-356.61,1275.61
1640390400,,459.6482398,-357.85,1277.14
1640476800,,459.7989755,-359.09,1278.68
1640563200,,459.9497111,-360.32,1280.22
1640649600,,460.1004468,-361.56,1281.76
1640736000,,460.2511824,-362.79,1283.30
1640822400,,460.4019181,-364.03,1284.83
1640908800,,460.5526537,-365.27,1286.37
1640995200,,460.7033894,-366.50,1287.91
1641081600,,460.8541251,-367.74,1289.45
1641168000,,461.0048607,-368.97,1290.98
1641254400,,461.1555964,-370.21,1292.52
1641340800,,461.306332,-371.44,1294.06
1641427200,,461.4570677,-372.68,1295.59
1641513600,,461.6078033,-373.92,1297.13
1641600000,,461.758539,-375.15,1298.67
1641686400,,461.9092746,-376.39,1300.20
1641772800,,462.0600103,-377.62,1301.74
1641859200,,462.210746,-378.85,1303.28
1641945600,,462.3614816,-380.09,1304.81
1642032000,,462.5122173,-381.32,1306.35
1642118400,,462.6629529,-382.56,1307.88
1642204800,,462.8136886,-383.79,1309.42
1642291200,,462.9644242,-385.03,1310.96
1642377600,,463.1151599,-386.26,1312.49
1642464000,,463.2658956,-387.50,1314.03
1642550400,,463.4166312,-388.73,1315.56
1642636800,,463.5673669,-389.96,1317.10
1642723200,,463.7181025,-391.20,1318.63
1642809600,,463.8688382,-392.43,1320.17
1642896000,,464.0195738,-393.67,1321.70
1642982400,,464.1703095,-394.90,1323.24
1643068800,,464.3210451,-396.13,1324.77
1643155200,,464.4717808,-397.37,1326.31
1643241600,,464.6225165,-398.60,1327.84
1643328000,,464.7732521,-399.83,1329.38
1643414400,,464.9239878,-401.07,1330.91
1643500800,,465.0747234,-402.30,1332.45
1643587200,,465.2254591,-403.53,1333.98
1643673600,,465.3761947,-404.77,1335.52
1643760000,,465.5269304,-406.00,1337.05
1643846400,,465.677666,-407.23,1338.59
1643932800,,465.8284017,-408.47,1340.12
1644019200,,465.9791374,-409.70,1341.66
1644105600,,466.129873,-410.93,1343.19
1644192000,,466.2806087,-412.16,1344.73
1644278400,,466.4313443,-413.40,1346.26
1644364800,,466.58208,-414.63,1347.79
1644451200,,466.7328156,-415.86,1349.33
1644537600,,466.8835513,-417.09,1350.86
1644624000,,467.0342869,-418.33,1352.40
1644710400,,467.1850226,-419.56,1353.93
1644796800,,467.3357583,-420.79,1355.46
1644883200,,467.4864939,-422.03,1357.00
1644969600,,467.6372296,-423.26,1358.53
1645056000,,467.7879652,-424.49,1360.07
1645142400,,467.9387009,-425.72,1361.60
1645228800,,468.0894365,-426.96,1363.13
1645315200,,468.2401722,-428.19,1364.67
1645401600,,468.3909079,-429.42,1366.20
1645488000,,468.5416435,-430.65,1367.74
1645574400,,468.6923792,-431.88,1369.27
1645660800,,468.8431148,-433.12,1370.80
1645747200,,468.9938505,-434.35,1372.34
