UnixTimeStamp,Value
1438214400,11.5297
1438300800,51.4594
1438387200,57.7845
1438473600,67.9224
1438560000,74.5737
1438646400,82.0352
1438732800,86.1558
1438819200,88.3326
1438905600,95.2981
1438992000,104.8971
1439078400,109.6916
1439164800,120.5988
1439251200,134.7695
1439337600,143.0004
1439424000,156.6101
1439510400,196.7576
1439596800,227.665
1439683200,231.8948
1439769600,258.9066
1439856000,270.4645
1439942400,284.0496
1440028800,221.4382
1440115200,277.282
1440201600,312.6127
1440288000,317.1623
1440374400,333.3458
1440460800,325.2465
1440547200,343.1277
1440633600,341.1168
1440720000,355.2287
1440806400,351.453
1440892800,340.144
1440979200,359.3523
1441065600,363.4134
1441152000,355.9032
1441238400,339.3088
1441324800,350.0661
1441411200,374.917
1441497600,388.4451
1441584000,379.8349
1441670400,370.7395
1441756800,386.1935
1441843200,392.0801
1441929600,421.6556
1442016000,424.2721
1442102400,432.7014
1442188800,399.6471
1442275200,387.7858
1442361600,383.9057
1442448000,362.1457
1442534400,346.2296
1442620800,357.5566
1442707200,408.748
1442793600,409.9779
1442880000,410.0917
1442966400,438.8619
1443052800,436.2345
1443139200,443.497
1443225600,440.6371
1443312000,426.444
1443398400,391.4721
1443484800,347.3122
1443571200,332.8925
1443657600,365.2783
1443744000,378.4969
1443830400,390.9186
1443916800,371.1233
1444003200,385.5859
1444089600,368.4521
1444176000,366.9765
1444262400,375.1336
1444348800,364.9485
1444435200,360.6383
1444521600,381.8711
1444608000,386.3386
1444694400,397.9554
1444780800,394.1999
1444867200,372.9212
1444953600,347.0096
1445040000,373.0388
1445126400,362.4454
1445212800,360.9165
1445299200,359.4184
1445385600,358.9999
1445472000,341.149
1445558400,380.6258
1445644800,400.8051
1445731200,415.4128
1445817600,399.276
1445904000,423.6995
1445990400,425.0888
1446076800,457.198
1446163200,485.0091
1446249600,512.5808
1446336000,520.7818
1446422400,494.4047
1446508800,480.1956
1446595200,508.4657
1446681600,489.3514
1446768000,491.3861
1446854400,478.1613
1446940800,498.873
1447027200,496.5674
1447113600,505.3881
1447200000,508.885
1447286400,517.4888
1447372800,528.3143
1447459200,534.8715
1447545600,550.2513
1447632000,541.2585
1447718400,535.801
1447804800,550.5812
1447891200,552.7532
1447977600,472.9611
1448064000,480.0484
1448150400,480.251
1448236800,487.9382
1448323200,486.5758
1448409600,470.151
1448496000,470.857
1448582400,492.9653
1448668800,498.5437
1448755200,500.4669
1448841600,503.9533
1448928000,514.3284
1449014400,481.8385
1449100800,504.3068
1449187200,493.1904
1449273600,511.9346
1449360000,487.6672
1449446400,483.681
1449532800,469.5651
1449619200,494.265
1449705600,504.7793
1449792000,514.5903
1449878400,517.9029
1449964800,556.8745
1450051200,541.3528
1450137600,559.704
1450224000,534.0622
1450310400,553.9679
1450396800,552.1806
1450483200,548.8488
1450569600,533.1539
1450656000,531.4617
1450742400,564.9776
1450828800,552.9946
1450915200,539.4988
1451001600,539.1713
1451088000,529.3583
1451174400,545.346
1451260800,545.0927
1451347200,542.2221
1451433600,534.5552
1451520000,542.7166
1451606400,526.2007
1451692800,528.0765
1451779200,544.8281
1451865600,541.3346
1451952000,548.8214
1452038400,552.2518
1452124800,526.3401
1452211200,550.7067
1452297600,551.6457
1452384000,538.0286
1452470400,561.5707
1452556800,541.1136
1452643200,530.6222
1452729600,553.7419
1452816000,567.1537
1452902400,574.0822
1452988800,568.3259
1453075200,591.419
1453161600,584.904
1453248000,588.1518
1453334400,584.1308
1453420800,610.6596
1453507200,608.8656
1453593600,650.5701
1453680000,624.8285
1453766400,672.8732
1453852800,663.7333
1453939200,652.1991
1454025600,670.1196
1454112000,668.8032
1454198400,646.7083
1454284800,679.1845
1454371200,648.4793
1454457600,696.9209
1454544000,694.2255
1454630400,698.6372
1454716800,674.6478
1454803200,693.3343
1454889600,723.2448
1454976000,699.4473
1455062400,718.0474
1455148800,747.5285
1455235200,720.7269
1455321600,766.029
1455408000,775.2691
1455494400,794.6889
1455580800,789.694
1455667200,770.0884
1455753600,750.9481
1455840000,794.8141
1455926400,800.292
1456012800,808.8832
1456099200,844.5991
1456185600,849.5091
1456272000,846.5788
1456358400,855.9038
1456444800,881.5024
1456531200,896.6538
1456617600,915.9603
1456704000,885.9939
1456790400,900.4969
1456876800,939.1247
1456963200,957.2282
1457049600,982.6566
1457136000,1030.3311
1457222400,1036.7243
1457308800,1047.5369
1457395200,1060.2446
1457481600,1080.6917
1457568000,1124.5588
1457654400,1152.2742
1457740800,1215.6928
1457827200,1291.2983
1457913600,1246.4302
1458000000,1295.5505
1458086400,1322.2236
1458172800,1369.4014
1458259200,1354.7364
1458345600,1419.6017
1458432000,1450.4615
1458518400,1430.1956
1458604800,1466.4437
1458691200,1389.2046
1458777600,1505.2497
1458864000,1574.3074
1458950400,1620.192
1459036800,1641.9153
1459123200,1608.6662
1459209600,1670.8109
1459296000,1712.2136
1459382400,1769.0299
1459468800,1789.7099
1459555200,1726.9503
1459641600,1825.8351
1459728000,1909.2179
1459814400,1918.4151
1459900800,1894.4371
1459987200,1812.6601
1460073600,1973.1984
1460160000,1959.8205
1460246400,2036.3026
1460332800,1971.8315
1460419200,1930.8805
1460505600,2027.4732
1460592000,2040.3898
1460678400,2122.0072
1460764800,2151.0281
1460851200,2099.2955
1460937600,2225.2231
1461024000,2224.0597
1461110400,2269.7286
1461196800,2289.2977
1461283200,2218.8202
1461369600,2314.4714
1461456000,2281.4876
1461542400,2398.2374
1461628800,2327.7401
1461715200,2343.4699
1461801600,2398.094
1461888000,2445.412
1461974400,2541.0507
1462060800,2519.2786
1462147200,2435.2643
1462233600,2570.8192
1462320000,2540.3269
1462406400,2548.6649
1462492800,2558.802
1462579200,2546.9321
1462665600,2596.7218
1462752000,2619.8292
1462838400,2678.5523
1462924800,2576.6882
1463011200,2640.5013
1463097600,2813.5085
1463184000,2768.5727
1463270400,2787.9132
1463356800,2782.0494
1463443200,2777.3602
1463529600,2893.0189
1463616000,2959.2314
1463702400,3019.804
1463788800,3042.5019
1463875200,3034.0969
1463961600,3047.7928
1464048000,3097.5979
1464134400,3126.5085
1464220800,3161.323
1464307200,3175.1154
1464393600,3253.1913
1464480000,3275.4294
1464566400,3266.9893
1464652800,3226.0808
1464739200,3170.4475
1464825600,3240.5703
1464912000,3413.4593
1464998400,3396.8318
1465084800,3326.0748
1465171200,3441.9709
1465257600,3465.5588
1465344000,3478.0667
1465430400,3639.7054
1465516800,3424.0833
1465603200,3555.18
1465689600,3581.6422
1465776000,3714.9746
1465862400,3749.449
1465948800,3718.5221
1466035200,3717.1685
1466121600,3864.3682
1466208000,3764.232
1466294400,3855.0105
1466380800,3814.1165
1466467200,3755.1058
1466553600,3914.4371
1466640000,3993.7808
1466726400,3987.4979
1466812800,3971.3075
1466899200,4090.5901
1466985600,4165.2564
1467072000,4215.9351
1467158400,4114.6487
1467244800,4137.6421
1467331200,4235.8486
1467417600,4246.5515
1467504000,4343.8485
1467590400,4332.1514
1467676800,4335.0033
1467763200,4336.5273
1467849600,4320.9295
1467936000,4345.7744
1468022400,4356.4367
1468108800,4385.4846
1468195200,4454.888
1468281600,4453.2789
1468368000,4517.2296
1468454400,4472.393
1468540800,4402.0765
1468627200,4426.8996
1468713600,4446.0043
1468800000,4569.4936
1468886400,4514.7929
1468972800,4425.822
1469059200,4602.5527
1469145600,4434.4853
1469232000,4619.5511
1469318400,4498.6015
1469404800,4353.0916
1469491200,4147.0192
1469577600,3975.9477
1469664000,4230.6929
1469750400,4137.8516
1469836800,4057.8986
1469923200,4120.2423
1470009600,4033.4068
1470096000,3736.2769
1470182400,3614.2588
1470268800,3936.9981
1470355200,4031.1962
1470441600,3924.4177
1470528000,4058.0205
1470614400,4136.7742
1470700800,4353.1675
1470787200,4442.4061
1470873600,4538.8823
1470960000,4529.4509
1471046400,4479.0387
1471132800,4488.9892
1471219200,4512.4457
1471305600,4623.2492
1471392000,4616.8304
1471478400,4717.6488
1471564800,4666.3602
1471651200,4807.7401
1471737600,4860.5322
1471824000,4890.1286
1471910400,4980.5674
1471996800,4968.8061
1472083200,5076.846
1472169600,5242.0628
1472256000,5241.1926
1472342400,5174.1701
1472428800,5110.3024
1472515200,5104.6336
1472601600,5212.9746
1472688000,5264.4573
1472774400,5339.3071
1472860800,5064.514
1472947200,4925.8701
1473033600,5116.8905
1473120000,5066.0973
1473206400,5193.0105
1473292800,5135.7331
1473379200,5165.9252
1473465600,5212.7523
1473552000,5414.1144
1473638400,5397.9619
1473724800,5369.0839
1473811200,5550.9528
1473897600,5538.7187
1473984000,5504.7355
1474070400,5705.4374
1474156800,5038.1328
1474243200,5155.0804
1474329600,5747.8625
1474416000,5918.6443
1474502400,5443.359
1474588800,5966.6603
1474675200,5995.2836
1474761600,6227.8531
1474848000,5867.8083
1474934400,6199.3892
1475020800,6242.7931
1475107200,6382.9672
1475193600,6211.6467
1475280000,6435.5312
1475366400,6609.1126
1475452800,6480.4953
1475539200,6618.6976
1475625600,6594.0094
1475712000,6644.5921
1475798400,6417.1224
1475884800,6698.4587
1475971200,6812.7671
1476057600,6857.1214
1476144000,6937.1736
1476230400,6700.3711
1476316800,6965.8669
1476403200,7226.2037
1476489600,7301.6059
1476576000,7491.1701
1476662400,7121.9336
1476748800,7396.8799
1476835200,7431.3973
1476921600,7670.915
1477008000,7757.4499
1477094400,7767.7022
1477180800,7558.2757
1477267200,7712.7627
1477353600,7817.4541
1477440000,7897.5795
1477526400,7754.9282
1477612800,7447.6341
1477699200,5933.8419
1477785600,5768.4023
1477872000,6170.1936
1477958400,5264.4502
1478044800,4743.8178
1478131200,4528.1677
1478217600,4164.5726
1478304000,3926.9146
1478390400,3870.5255
1478476800,4601.8022
1478563200,5126.5784
1478649600,5000.396
1478736000,4596.517
1478822400,4470.7243
1478908800,4555.873
1478995200,4937.128
1479081600,5122.3997
1479168000,5155.4629
1479254400,5050.1138
1479340800,4838.0854
1479427200,5193.5489
1479513600,5480.2832
1479600000,5987.5706
1479686400,6324.9229
1479772800,5955.0846
1479859200,5908.0341
1479945600,5287.2911
1480032000,5301.8374
1480118400,5364.8074
1480204800,5348.1061
1480291200,5544.287
1480377600,5456.127
1480464000,5209.9548
1480550400,5268.3704
1480636800,5341.6121
1480723200,5614.5189
1480809600,5551.9253
1480896000,5409.3217
1480982400,5367.7479
1481068800,5496.8057
1481155200,5783.3873
1481241600,5914.8346
1481328000,6040.1544
1481414400,6204.02
1481500800,5975.0517
1481587200,6168.728
1481673600,6132.4685
1481760000,6097.3583
1481846400,6290.8766
1481932800,6370.3847
1482019200,6594.1816
1482105600,6588.4056
1482192000,6748.3212
1482278400,6696.8063
1482364800,6475.333
1482451200,6022.6423
1482537600,5671.6635
1482624000,5939.9539
1482710400,6147.6001
1482796800,5943.6228
1482883200,5906.9011
1482969600,5885.5378
1483056000,5892.7281
1483142400,5957.5536
1483228800,5962.5576
1483315200,5979.936
1483401600,5984.9265
1483488000,6603.4409
1483574400,6748.8433
1483660800,6783.5835
1483747200,7025.7055
1483833600,7052.8143
1483920000,7281.103
1484006400,7283.0151
1484092800,7356.4905
1484179200,7432.253
1484265600,7568.8324
1484352000,7587.9426
1484438400,7741.9086
1484524800,7735.3142
1484611200,7657.6882
1484697600,7592.5237
1484784000,8114.4421
1484870400,7838.6452
1484956800,8044.0736
1485043200,8083.9775
1485129600,8232.8818
1485216000,8124.3364
1485302400,8145.8979
1485388800,8367.5758
1485475200,8244.2883
1485561600,8279.3794
1485648000,8111.2062
1485734400,8348.0885
1485820800,8339.12
1485907200,8226.0029
1485993600,8407.2648
1486080000,8271.9789
1486166400,8427.7058
1486252800,8773.2937
1486339200,8877.6557
1486425600,8865.7805
1486512000,8981.8497
1486598400,8947.4759
1486684800,9217.8017
1486771200,9275.2906
1486857600,9392.2664
1486944000,9522.8756
1487030400,9629.3742
1487116800,9674.344
1487203200,9633.6869
1487289600,9813.818
1487376000,9910.4307
1487462400,10076.9868
1487548800,10118.1204
1487635200,10342.9777
1487721600,10225.688
1487808000,10249.8892
1487894400,10300.807
1487980800,10613.2667
1488067200,11038.1733
1488153600,11078.6475
1488240000,11579.116
1488326400,11193.1403
1488412800,11369.6535
1488499200,11791.9899
1488585600,11641.3951
1488672000,12169.6377
1488758400,12202.0077
1488844800,12126.1529
1488931200,12566.0974
1489017600,12593.1903
1489104000,12622.6645
1489190400,12870.7578
1489276800,12911.1921
1489363200,13434.1504
1489449600,13255.2329
1489536000,13628.7396
1489622400,13794.9629
1489708800,14518.7852
1489795200,14696.5419
1489881600,13915.1809
1489968000,14863.3155
1490054400,14561.0448
1490140800,14914.7357
1490227200,15425.4361
1490313600,15334.1063
1490400000,15439.4585
1490486400,16219.4936
1490572800,16894.3097
1490659200,16458.957
1490745600,17141.823
1490832000,17183.9723
1490918400,17643.5302
1491004800,17342.0731
1491091200,17320.8014
1491177600,16564.8723
1491264000,17593.0096
1491350400,18094.6996
1491436800,17967.3505
1491523200,18253.0325
1491609600,18340.2159
1491696000,18009.4232
1491782400,18072.1973
1491868800,18671.3934
1491955200,18555.8787
1492041600,18205.074
1492128000,19833.812
1492214400,19260.1407
1492300800,19591.7831
1492387200,19889.9768
1492473600,20302.3049
1492560000,20078.8856
1492646400,20288.8866
1492732800,20805.2888
1492819200,20900.958
1492905600,21389.0055
1492992000,20664.8066
1493078400,21582.4498
1493164800,21292.624
1493251200,21617.4059
1493337600,22951.0371
1493424000,23467.3816
1493510400,22938.2706
1493596800,23205.2792
1493683200,23246.7388
1493769600,23614.2464
1493856000,23265.2011
1493942400,24468.9937
1494028800,24415.8585
1494115200,24862.0244
1494201600,24481.3196
1494288000,25606.8006
1494374400,25352.2733
1494460800,25792.7606
1494547200,26696.7857
1494633600,26056.3076
1494720000,26882.1696
1494806400,27814.0407
1494892800,28230.111
1494979200,26762.9284
1495065600,27740.2141
1495152000,28816.636
1495238400,29609.4667
1495324800,30501.1451
1495411200,31382.7051
1495497600,30236.4543
1495584000,30975.705
1495670400,31139.2104
1495756800,31197.0515
1495843200,32153.7231
1495929600,31940.9693
1496016000,34015.7294
1496102400,36263.7391
1496188800,35309.9381
1496275200,37244.2449
1496361600,36298.9273
1496448000,37390.2818
1496534400,38378.7011
1496620800,39283.0384
1496707200,39838.9042
1496793600,41466.1245
1496880000,41827.9352
1496966400,41762.2012
1497052800,43934.269
1497139200,45025.9063
1497225600,44971.345
1497312000,46524.8904
1497398400,47653.2451
1497484800,48524.7456
1497571200,49363.4715
1497657600,50988.985
1497744000,51996.5122
1497830400,52568.3389
1497916800,53605.3273
1498003200,54107.974
1498089600,54738.2538
1498176000,54340.7602
1498262400,55696.7824
1498348800,56394.2575
1498435200,58414.4698
1498521600,58319.7387
1498608000,59928.6376
1498694400,61553.5382
1498780800,61650.5709
1498867200,62556.7775
1498953600,63113.6089
1499040000,64997.08
1499126400,66569.3952
1499212800,64822.7346
1499299200,65978.5137
1499385600,67085.5686
1499472000,67464.2959
1499558400,68072.3545
1499644800,69107.6248
1499731200,68636.1856
1499817600,66929.7884
1499904000,67583.3821
1499990400,66162.8973
1500076800,68590.0251
1500163200,70207.4606
1500249600,66693.2842
1500336000,68408.1739
1500422400,71183.4584
1500508800,73430.2935
1500595200,73178.0557
1500681600,72967.3365
1500768000,75690.2025
1500854400,73612.8357
1500940800,77165.6725
1501027200,76836.4143
1501113600,75616.4916
1501200000,77536.4097
1501286400,76584.8357
1501372800,79028.534
1501459200,80870.2609
1501545600,80820.0069
1501632000,79694.0246
1501718400,76659.268
1501804800,79754.3216
1501891200,78990.8015
1501977600,80020.6258
1502064000,82348.3479
1502150400,83308.9277
1502236800,84931.897
1502323200,83442.1715
1502409600,84627.2607
1502496000,87270.9302
1502582400,87653.9263
1502668800,89584.3061
1502755200,90812.4199
1502841600,91289.1473
1502928000,92534.9297
1503014400,91777.3051
1503100800,95425.5042
1503187200,93281.2322
1503273600,95741.8313
1503360000,95942.1567
1503446400,98296.3711
1503532800,97228.3329
1503619200,95339.2953
1503705600,95944.7226
1503792000,95506.9876
1503878400,92566.5693
1503964800,99235.369
1504051200,99678.7102
1504137600,97955.4642
1504224000,98985.3654
1504310400,98883.0465
1504396800,98450.1542
1504483200,99991.3961
1504569600,100474.3339
1504656000,99614.2702
1504742400,101735.9047
1504828800,106728.0408
1504915200,104087.0767
1505001600,102462.2609
1505088000,102521.0502
1505174400,108070.1938
1505260800,103537.1178
1505347200,105590.7742
1505433600,109240.2979
1505520000,107169.6341
1505606400,108004.7306
1505692800,105851.5969
1505779200,108650.3899
1505865600,107391.0713
1505952000,109411.54
1506038400,108415.5019
1506124800,103936.501
1506211200,106744.3503
1506297600,101530.2447
1506384000,102987.1868
1506470400,105672.8117
1506556800,101865.3038
1506643200,97747.1226
1506729600,97246.8496
1506816000,101856.5841
1506902400,101498.7153
1506988800,101330.3025
1507075200,104322.349
1507161600,107720.1602
1507248000,102813.1953
1507334400,100704.8489
1507420800,104067.9114
1507507200,104686.6792
1507593600,106119.6349
1507680000,109279.7021
1507766400,105449.0222
1507852800,110049.5848
1507939200,105135.748
1508025600,108556.0976
1508112000,112491.5255
1508198400,114496.653
1508284800,113792.9401
1508371200,117973.6768
1508457600,117268.4555
1508544000,116687.3756
1508630400,118870.2012
1508716800,117763.0093
1508803200,121642.1225
1508889600,118684.8641
1508976000,114761.8238
1509062400,117091.7153
1509148800,118629.8189
1509235200,117105.7539
1509321600,115204.0015
1509408000,119297.9707
1509494400,120477.0125
1509580800,115774.5028
1509667200,113706.9239
1509753600,111929.8264
1509840000,117028.67
1509926400,114621.414
1510012800,113925.2212
1510099200,116144.1465
1510185600,114107.822
1510272000,115773.7593
1510358400,115718.414
1510444800,118263.4894
1510531200,117469.6839
1510617600,114709.874
1510704000,115382.9053
1510790400,111657.6225
1510876800,112630.8165
1510963200,111516.8425
1511049600,112980.6417
1511136000,120188.5528
1511222400,118772.9291
1511308800,118382.3196
1511395200,122161.9842
1511481600,124844.7158
1511568000,125309.3717
1511654400,125187.293
1511740800,123438.9985
1511827200,121376.5047
1511913600,123404.9935
1512000000,124830.2891
1512086400,125492.702
1512172800,125605.2762
1512259200,121828.5383
1512345600,125869.5928
1512432000,123432.1491
1512518400,123628.5175
1512604800,125209.8857
1512691200,127322.6374
1512777600,128300.9697
1512864000,126733.7869
1512950400,128336.6496
1513036800,128931.8969
1513123200,134096.1365
1513209600,137629.7703
1513296000,143758.2604
1513382400,141945.8652
1513468800,142954.4584
1513555200,147283.4924
1513641600,144785.8066
1513728000,143787.1073
1513814400,143918.9673
1513900800,143237.655
1513987200,149570.4924
1514073600,148933.7151
1514160000,150660.6855
1514246400,151469.2196
1514332800,152530.5011
1514419200,156618.8488
1514505600,153605.9851
1514592000,154787.985
1514678400,156919.1805
1514764800,159441.8475
1514851200,159057.5377
1514937600,158805.4552
1515024000,162473.4175
1515110400,166391.1687
1515196800,163074.7937
1515283200,169010.8826
1515369600,168775.8944
1515456000,170785.6861
1515542400,174332.6871
1515628800,179701.776
1515715200,180394.1239
1515801600,181051.4051
1515888000,185408.671
1515974400,181636.7811
1516060800,187122.9824
1516147200,191023.8179
1516233600,189281.4868
1516320000,188933.6732
1516406400,196739.0047
1516492800,192489.0949
1516579200,197018.312
1516665600,196608.2455
1516752000,201694.5298
1516838400,203394.4979
1516924800,203454.7751
1517011200,202106.5578
1517097600,204748.658
1517184000,213099.1585
1517270400,210494.5728
1517356800,215826.4032
1517443200,221004.0257
1517529600,224386.69
1517616000,223750.0072
1517702400,223628.198
1517788800,229317.1819
1517875200,226643.546
1517961600,232001.6424
1518048000,229493.3998
1518134400,232843.1343
1518220800,234466.2002
1518307200,236401.4541
1518393600,241154.4129
1518480000,242643.0985
1518566400,236293.682
1518652800,238380.589
1518739200,243106.1504
1518825600,243542.0698
1518912000,243539.0262
1518998400,242911.4767
1519084800,239653.9119
1519171200,241642.47
1519257600,243671.4308
1519344000,245866.6703
1519430400,244536.0463
1519516800,250331.8931
1519603200,247528.6317
1519689600,243300.4607
1519776000,252048.8658
1519862400,253200.9448
1519948800,255012.3761
1520035200,260398.6003
1520121600,253539.203
1520208000,254483.1024
1520294400,255139.4372
1520380800,263414.6349
1520467200,262514.1983
1520553600,256561.6774
1520640000,259056.4904
1520726400,257997.7068
1520812800,259747.3582
1520899200,259172.212
1520985600,256444.9328
1521072000,259568.9864
1521158400,268730.4354
1521244800,266964.9124
1521331200,264836.0208
1521417600,265871.0509
1521504000,267110.5194
1521590400,263506.8368
1521676800,263150.0403
1521763200,264344.1817
1521849600,262566.4697
1521936000,263810.3782
1522022400,270957.8644
1522108800,264771.4928
1522195200,264397.7036
1522281600,259874.6018
1522368000,262829.8108
1522454400,259223.1258
1522540800,259619.4056
1522627200,259753.6379
1522713600,253904.2585
1522800000,256180.9285
1522886400,257751.3129
1522972800,264227.025
1523059200,259807.1339
1523145600,257932.3909
1523232000,249655.5258
1523318400,255877.335
1523404800,253513.7145
1523491200,252079.5961
1523577600,254808.1705
1523664000,255080.6519
1523750400,255100.7545
1523836800,256052.3846
1523923200,255808.7177
1524009600,249352.2209
1524096000,256511.2913
1524182400,250405.9833
1524268800,259913.5162
1524355200,256619.2584
1524441600,260832.2833
1524528000,255641.5849
1524614400,257805.5643
1524700800,267393.1962
1524787200,257910.9333
1524873600,254255.7956
1524960000,265643.9588
1525046400,264176.9608
1525132800,256434.1957
1525219200,261978.5703
1525305600,263056.9143
1525392000,266084.0108
1525478400,270333.0862
1525564800,270847.4157
1525651200,276583.217
1525737600,273677.2789
1525824000,270175.0286
1525910400,270049.063
1525996800,273083.2403
1526083200,278875.4553
1526169600,278287.478
1526256000,273117.6599
1526342400,269469.4111
1526428800,269830.24
1526515200,272613.0226
1526601600,270655.4582
1526688000,272017.1413
1526774400,275816.8568
1526860800,278244.772
1526947200,275055.3865
1527033600,274364.416
1527120000,264380.7978
1527206400,266471.1125
1527292800,270868.0697
1527379200,264353.7928
1527465600,269029.2955
1527552000,268134.3091
1527638400,265948.756
1527724800,272316.521
1527811200,261144.0211
1527897600,268099.8023
1527984000,266067.2667
1528070400,267430.541
1528156800,266560.0064
1528243200,265007.3855
1528329600,267538.3994
1528416000,268957.8818
1528502400,280223.7453
1528588800,269619.0449
1528675200,274305.6302
1528761600,277830.7046
1528848000,270306.5868
1528934400,269852.2189
1529020800,269008.4063
1529107200,271809.3725
1529193600,269649.1862
1529280000,279860.27
1529366400,282435.7599
1529452800,279162.6223
1529539200,282764.1807
1529625600,284625.7577
1529712000,280672.2867
1529798400,281667.0977
1529884800,282781.5154
1529971200,280157.7279
1530057600,288133.7823
1530144000,279301.5766
1530230400,277277.2425
1530316800,287848.4026
1530403200,276235.7552
1530489600,281066.2288
1530576000,285353.1633
1530662400,282978.2286
1530748800,292250.0375
1530835200,287617.8867
1530921600,290970.122
1531008000,285211.1629
1531094400,292711.4538
1531180800,285475.5765
1531267200,277618.9439
1531353600,280736.7326
1531440000,277972.6386
1531526400,278402.5296
1531612800,280223.7415
1531699200,280468.6157
1531785600,286575.539
1531872000,284188.3364
1531958400,280865.4338
1532044800,276215.2061
1532131200,265356.9052
1532217600,277879.9228
1532304000,287300.9941
1532390400,282719.1101
1532476800,289873.6853
1532563200,287517.1961
1532649600,286980.17
1532736000,288229.5692
1532822400,289579.6618
1532908800,289075.2031
1532995200,290345.5569
1533081600,287162.3906
1533168000,292800.3203
1533254400,285672.7276
1533340800,292889.4426
1533427200,293048.5066
1533513600,293327.109
1533600000,291954.5748
1533686400,294985.5601
1533772800,295911.9974
1533859200,292146.4903
1533945600,293393.2115
1534032000,285376.3397
1534118400,285178.2999
1534204800,286578.1953
1534291200,283434.3978
1534377600,279030.9812
1534464000,284891.2505
1534550400,280430.8589
1534636800,282006.0502
1534723200,283826.5336
1534809600,286170.3659
1534896000,289763.7194
1534982400,279114.193
1535068800,282957.45
1535155200,283524.6978
1535241600,288842.6926
1535328000,285297.4737
1535414400,282969.428
1535500800,278007.4815
1535587200,279549.2413
1535673600,280439.7219
1535760000,277588.8544
1535846400,274831.7379
1535932800,274967.4979
1536019200,276727.458
1536105600,277065.298
1536192000,276862.3513
1536278400,272247.9516
1536364800,271323.9081
1536451200,257770.4413
1536537600,260772.6661
1536624000,255565.1744
1536710400,252569.2634
1536796800,246361.6094
1536883200,253565.5649
1536969600,254429.8705
1537056000,253293.4755
1537142400,254187.1006
1537228800,253649.0746
1537315200,257726.225
1537401600,256660.2049
1537488000,255415.9684
1537574400,262892.1809
1537660800,260332.227
1537747200,261741.3439
1537833600,259333.6504
1537920000,266760.1081
1538006400,265516.5942
1538092800,264448.9358
1538179200,259938.0808
1538265600,263793.7941
1538352000,259027.1628
1538438400,259556.2604
1538524800,258086.8149
1538611200,261317.7945
1538697600,259922.335
1538784000,261827.4556
1538870400,263804.8258
1538956800,266039.6993
1539043200,263567.6875
1539129600,263745.3818
1539216000,259550.9898
1539302400,259276.4273
1539388800,256898.5131
1539475200,259153.1832
1539561600,257050.9069
1539648000,257301.1164
1539734400,255963.6456
1539820800,260467.6722
1539907200,257014.036
1539993600,254001.5821
1540080000,250880.723
1540166400,248448.5101
1540252800,251290.444
1540339200,252624.5976
1540425600,248587.8675
1540512000,247418.1596
1540598400,249171.0755
1540684800,247255.9293
1540771200,245030.1321
1540857600,246201.3542
1540944000,250905.0699
1541030400,244006.5278
1541116800,238273.7031
1541203200,238121.4847
1541289600,242188.0672
1541376000,240396.5874
1541462400,240620.5981
1541548800,242339.0598
1541635200,244303.624
1541721600,239347.1981
1541808000,241506.2067
1541894400,246520.2576
1541980800,240140.4087
1542067200,242075.0552
1542153600,242719.7623
1542240000,241426.555
1542326400,245905.3567
1542412800,236757.3434
1542499200,237403.7532
1542585600,234641.4812
1542672000,230234.6676
1542758400,221561.8192
1542844800,215752.1927
1542931200,218447.3683
1543017600,216064.3952
1543104000,212268.4544
1543190400,212144.5729
1543276800,195098.6206
1543363200,187566.5787
1543449600,190642.8421
1543536000,189699.1171
1543622400,194472.9925
1543708800,186119.0702
1543795200,185698.7963
1543881600,189779.3064
1543968000,185236.3756
1544054400,188467.1311
1544140800,180043.8657
1544227200,176367.3456
1544313600,174777.9395
1544400000,184534.788
1544486400,177759.9197
1544572800,172754.9686
1544659200,171179.1852
1544745600,167959.6613
1544832000,171971.1573
1544918400,169448.7942
1545004800,166783.1153
1545091200,163361.85
1545177600,165252.0656
1545264000,164235.7302
1545350400,166137.2784
1545436800,168323.7647
1545523200,169348.9776
1545609600,177137.159
1545696000,182556.3271
1545782400,189689.6534
1545868800,184499.9643
1545955200,181452.6836
1546041600,182108.4782
1546128000,183085.9828
1546214400,185526.8826
1546300800,174844.3888
1546387200,180873.7589
1546473600,181264.0069
1546560000,180399.7742
1546646400,185468.098
1546732800,187186.1718
1546819200,190298.3768
1546905600,184981.6534
1546992000,190211.5117
1547078400,186276.7852
1547164800,186790.9227
1547251200,181093.0092
1547337600,182569.7794
1547424000,184943.4647
1547510400,188708.0399
1547596800,179529.688
1547683200,177700.9741
1547769600,177754.3264
1547856000,184503.3671
1547942400,184550.3414
1548028800,178144.598
1548115200,180021.9752
1548201600,168483.6724
1548288000,175286.5866
1548374400,175620.0016
1548460800,170993.5618
1548547200,168650.5178
1548633600,155983.8223
1548720000,146880.6219
1548806400,145301.9116
1548892800,150028.8135
1548979200,143116.014
1549065600,143036.2313
1549152000,139150.9121
1549238400,141058.0782
1549324800,141593.6815
1549411200,139435.1741
1549497600,139449.921
1549584000,142467.7242
1549670400,141162.9802
1549756800,145132.8832
1549843200,142235.6399
1549929600,147544.2715
1550016000,142540.4061
1550102400,140337.5751
1550188800,139939.2522
1550275200,144000.9622
1550361600,140520.5263
1550448000,144791.9973
1550534400,154063.7497
1550620800,152931.5965
1550707200,152031.7369
1550793600,150079.7621
1550880000,159998.9286
1550966400,156160.2762
1551052800,154106.7468
1551139200,156426.1998
1551225600,156143.051
1551312000,157689.3983
1551398400,153097.6788
1551484800,153058.8872
1551571200,151531.1136
1551657600,150458.7982
1551744000,152786.6159
1551830400,151340.1074
1551916800,151877.0796
1552003200,153458.7686
1552089600,148650.1467
1552176000,152288.5413
1552262400,148706.84
1552348800,147963.0717
1552435200,146450.3292
1552521600,147584.477
1552608000,147372.303
1552694400,153072.7414
1552780800,150878.2844
1552867200,148627.3403
1552953600,144234.0276
1553040000,150209.6171
1553126400,148069.7725
1553212800,146786.862
1553299200,147430.1559
1553385600,147221.5813
1553472000,147020.8267
1553558400,142510.2071
1553644800,141617.4885
1553731200,141422.8001
1553817600,141987.9888
1553904000,136800.333
1553990400,137794.0603
1554076800,145052.8084
1554163200,143434.3513
1554249600,142099.9699
1554336000,146678.0654
1554422400,145454.2284
1554508800,146623.543
1554595200,145749.6505
1554681600,146577.5911
1554768000,147734.0918
1554854400,151042.7971
1554940800,150418.3563
1555027200,149367.7831
1555113600,152091.1421
1555200000,153896.4586
1555286400,154386.8729
1555372800,151780.8453
1555459200,148013.0854
1555545600,147588.2697
1555632000,150842.0119
1555718400,149431.5319
1555804800,150581.2768
1555891200,152211.0941
1555977600,150491.558
1556064000,147605.7983
1556150400,148047.3709
1556236800,148934.0643
1556323200,151569.4474
1556409600,150065.793
1556496000,152499.316
1556582400,154027.76
1556668800,153722.9371
1556755200,152292.7053
1556841600,149734.1014
1556928000,157316.5166
1557014400,156285.5768
1557100800,152371.8572
1557187200,155268.599
1557273600,153710.6
1557360000,154275.3123
1557446400,154745.8825
1557532800,155036.8502
1557619200,157778.9209
1557705600,155740.5065
1557792000,160908.952
1557878400,162979.116
1557964800,161412.0335
1558051200,170929.3098
1558137600,171711.2012
1558224000,168230.642
1558310400,165541.0784
1558396800,163076.6483
1558483200,164945.575
1558569600,162420.2795
1558656000,159701.1251
1558742400,162225.7339
1558828800,161032.7064
1558915200,165801.474
1559001600,161367.1711
1559088000,171496.9579
1559174400,168020.9482
1559260800,169060.8842
1559347200,169032.1384
1559433600,170485.9048
1559520000,163195.0397
1559606400,164488.7217
1559692800,162120.4283
1559779200,168419.0153
1559865600,167649.4198
1559952000,163030.2239
1560038400,159778.6588
1560124800,163745.7268
1560211200,161584.9525
1560297600,161245.1261
1560384000,158745.7391
1560470400,159829.0172
1560556800,160137.3641
1560643200,160811.7646
1560729600,161713.7849
1560816000,160000.6762
1560902400,163011.8685
1560988800,162069.9412
1561075200,159418.4325
1561161600,159827.2427
1561248000,162318.9054
1561334400,166178.5326
1561420800,167034.8124
1561507200,174451.6268
1561593600,172580.466
1561680000,169995.0119
1561766400,174666.3416
1561852800,174456.9459
1561939200,172460.4335
1562025600,175169.9131
1562112000,169411.2432
1562198400,168938.6016
1562284800,169048.8549
1562371200,174383.7818
1562457600,171995.4145
1562544000,170731.7849
1562630400,174574.869
1562716800,175227.6061
1562803200,179304.7615
1562889600,179359.1291
1562976000,178738.4731
1563062400,182054.5074
1563148800,180056.646
1563235200,174846.4557
1563321600,179646.5336
1563408000,179801.3623
1563494400,173673.0553
1563580800,177854.7534
1563667200,173257.495
1563753600,172778.6891
1563840000,175478.344
1563926400,176912.3762
1564012800,175360.1291
1564099200,174397.9111
1564185600,179382.5403
1564272000,176411.9848
1564358400,175646.1396
1564444800,180307.3545
1564531200,174941.351
1564617600,173228.7337
1564704000,176081.4457
1564790400,178405.7882
1564876800,180738.4185
1564963200,183235.7199
1565049600,182823.2826
1565136000,184308.3472
1565222400,182923.0343
1565308800,181114.8757
1565395200,186207.4469
1565481600,181715.4689
1565568000,184513.6914
1565654400,183968.935
1565740800,182841.3072
1565827200,182862.8915
1565913600,182737.0873
1566000000,186578.2674
1566086400,179556.5396
1566172800,179945.771
1566259200,178785.0863
1566345600,177566.9045
1566432000,171272.3935
1566518400,177598.6117
1566604800,173067.8396
1566691200,174801.3614
1566777600,177089.2406
1566864000,170420.4691
1566950400,173711.3269
1567036800,179236.6472
1567123200,180476.1969
1567209600,177978.4232
1567296000,176687.9581
1567382400,178611.112
1567468800,179057.3439
1567555200,175086.6283
1567641600,178184.2536
1567728000,172733.3243
1567814400,181098.5111
1567900800,180477.091
1567987200,177112.0631
1568073600,178378.5661
1568160000,179039.046
1568246400,185563.6201
1568332800,181414.6861
1568419200,184795.162
1568505600,183581.7865
1568592000,189304.7567
1568678400,192000.1552
1568764800,196018.5435
1568851200,190494.7857
1568937600,193637.0258
1569024000,198978.4597
1569110400,192734.9286
1569196800,199333.536
1569283200,191290.0079
1569369600,196682.8169
1569456000,197297.1021
1569542400,194629.5574
1569628800,195699.3392
1569715200,194449.6847
1569801600,193290.9662
1569888000,194142.7961
1569974400,188135.7534
1570060800,186885.8356
1570147200,188236.163
1570233600,188788.1289
1570320000,189711.3362
1570406400,187555.9301
1570492800,186244.7815
1570579200,185639.6907
1570665600,188842.2452
1570752000,193819.3686
1570838400,187123.4417
1570924800,192904.6556
1571011200,188728.8483
1571097600,199635.4789
1571184000,193962.352
1571270400,193195.3343
1571356800,187021.2994
1571443200,193141.7473
1571529600,193542.0555
1571616000,186014.7475
1571702400,187596.6071
1571788800,194378.8577
1571875200,189521.9698
1571961600,182920.1315
1572048000,187611.5163
1572134400,182320.5677
1572220800,184699.5557
1572307200,185683.4638
1572393600,188925.8577
1572480000,188955.653
1572566400,190522.2155
1572652800,187497.2537
1572739200,186341.3478
1572825600,183158.2215
1572912000,185653.8604
1572998400,188146.3516
1573084800,187902.6798
1573171200,186125.1496
1573257600,185629.0391
1573344000,185993.7726
1573430400,183827.7149
1573516800,186497.6129
1573603200,189834.3566
1573689600,185732.041
1573776000,184339.1196
1573862400,180723.6621
1573948800,185684.0567
1574035200,186160.7828
1574121600,175333.371
1574208000,173702.3998
1574294400,183109.0627
1574380800,178083.5605
1574467200,180500.2788
1574553600,180480.0363
1574640000,183588.536
1574726400,168897.623
1574812800,174877.5321
1574899200,174311.4474
1574985600,174000.1415
1575072000,176390.3669
1575158400,172298.0926
1575244800,175854.8519
1575331200,178911.143
1575417600,175050.2398
1575504000,172730.816
1575590400,171233.5507
1575676800,176272.2813
1575763200,169367.0811
1575849600,172054.712
1575936000,179249.6091
1576022400,171878.7392
1576108800,174150.7808
1576195200,174481.2401
1576281600,175955.0134
1576368000,174569.0659
1576454400,172713.111
1576540800,165001.0049
1576627200,157833.9578
1576713600,157333.8268
1576800000,152167.876
1576886400,156301.3854
1576972800,153702.363
1577059200,154446.2514
1577145600,154675.0497
1577232000,150677.2825
1577318400,150043.9567
1577404800,151261.3112
1577491200,154481.3106
1577577600,154880.2767
1577664000,154669.2561
1577750400,152624.5334
1577836800,147405.0591
1577923200,153540.7797
1578009600,157936.461
1578096000,166126.2541
1578182400,160833.3584
1578268800,163488.3609
1578355200,167175.9771
1578441600,163834.6991
1578528000,159783.4716
1578614400,165545.2952
1578700800,166705.0085
1578787200,165169.4178
1578873600,165180.9953
1578960000,164961.529
1579046400,167670.505
1579132800,165250.7085
1579219200,167107.4379
1579305600,164400.5557
1579392000,165779.1695
1579478400,165912.961
1579564800,167454.6893
1579651200,164662.2315
1579737600,166597.4955
1579824000,168238.2329
1579910400,165886.0094
1579996800,163876.5952
1580083200,165508.1396
1580169600,162239.478
1580256000,166197.8155
1580342400,162017.7441
1580428800,163956.052
1580515200,161285.6779
1580601600,166373.2284
1580688000,165951.0448
1580774400,169235.5531
1580860800,166350.6544
1580947200,167236.1033
1581033600,166976.956
1581120000,169782.3201
1581206400,167141.6776
1581292800,169133.583
1581379200,171016.5903
1581465600,171999.2678
1581552000,174669.8601
1581638400,176201.7851
1581724800,175960.8209
1581811200,177480.606
1581897600,177058.5556
1581984000,178181.3898
1582070400,186380.1308
1582156800,179729.8399
1582243200,176910.3998
1582329600,181624.565
1582416000,180174.6165
1582502400,182405.6804
1582588800,177630.0342
1582675200,179982.0467
1582761600,186077.8083
1582848000,181946.0373
1582934400,182091.2526
1583020800,179991.3884
1583107200,178671.1802
1583193600,180471.7872
1583280000,182760.3248
1583366400,181102.9681
1583452800,178353.2062
1583539200,181256.3073
1583625600,185905.5478
1583712000,181825.015
1583798400,182248.865
1583884800,179478.6731
1583971200,181893.0697
1584057600,175549.6073
1584144000,172709.6044
1584230400,173963.8993
1584316800,174899.7895
1584403200,170012.8814
1584489600,174364.8188
1584576000,174894.121
1584662400,174054.6792
1584748800,180106.6438
1584835200,171178.0093
1584921600,175188.2453
1585008000,177982.9948
1585094400,175666.9651
1585180800,176100.0611
1585267200,176455.2315
1585353600,175777.2138
1585440000,179550.9457
1585526400,178537.4684
1585612800,173915.7244
1585699200,175437.1217
1585785600,179392.9219
1585872000,176900.7739
1585958400,173156.1962
1586044800,175373.6226
1586131200,169202.2306
1586217600,175025.1447
1586304000,175128.6673
1586390400,175967.1102
1586476800,179741.0364
1586563200,172886.6181
1586649600,179009.276
1586736000,177007.9711
1586822400,180310.899
1586908800,179367.6687
1586995200,180755.6439
1587081600,177414.4765
1587168000,178317.7031
1587254400,174688.5976
1587340800,174358.8137
1587427200,176861.6965
1587513600,176800.2512
1587600000,180267.5215
1587686400,177248.1154
1587772800,175986.0193
1587859200,176996.6145
1587945600,173346.0474
1588032000,172852.1464
1588118400,179635.5417
1588204800,182026.9342
1588291200,187072.9465
1588377600,185525.6094
1588464000,180677.0771
1588550400,187491.3243
1588636800,186883.6871
1588723200,180890.2501
1588809600,178858.6722
1588896000,182842.5816
1588982400,181423.8739
1589068800,179648.2506
1589155200,180380.3095
1589241600,180024.9859
1589328000,179815.0142
1589414400,182810.0862
1589500800,184975.6186
1589587200,180021.6285
1589673600,186270.6822
1589760000,179821.4184
1589846400,177233.7735
1589932800,183119.6911
1590019200,178439.1463
1590105600,178254.4489
1590192000,183802.3927
1590278400,182768.8961
1590364800,178237.2261
1590451200,179206.0128
1590537600,182878.1103
1590624000,178634.5644
1590710400,181030.9257
1590796800,183447.9762
1590883200,186409.674
1590969600,182664.2025
1591056000,185110.461
1591142400,186574.1541
1591228800,187369.4002
1591315200,186074.6592
1591401600,186023.9917
1591488000,188580.2037
1591574400,185010.9266
1591660800,183292.2598
1591747200,179062.9459
1591833600,181450.5696
1591920000,182327.0387
1592006400,182747.7365
1592092800,183596.2569
1592179200,183324.2542
1592265600,186231.7117
1592352000,181591.9844
1592438400,183042.3685
1592524800,187071.0167
1592611200,187926.7704
1592697600,187588.6189
1592784000,184143.0795
1592870400,187652.3397
1592956800,188992.2743
1593043200,191614.8727
1593129600,191549.0379
1593216000,187756.7497
1593302400,188072.1358
1593388800,189963.4223
1593475200,189228.7371
1593561600,185545.71
1593648000,186918.4078
1593734400,190406.3447
1593820800,190449.2609
1593907200,188952.1425
1593993600,190273.3022
1594080000,188128.8811
1594166400,194438.6022
1594252800,191400.8872
1594339200,188557.7734
1594425600,192487.6551
1594512000,193606.8197
1594598400,195185.0935
1594684800,190762.5661
1594771200,190147.5158
1594857600,190666.2482
1594944000,186762.8145
1595030400,192865.5901
1595116800,191833.4859
1595203200,187914.2271
1595289600,182592.6446
1595376000,180690.7122
1595462400,189843.8271
1595548800,195802.2415
1595635200,186965.8875
1595721600,194586.5201
1595808000,194650.5431
1595894400,200572.0905
1595980800,201604.2163
1596067200,196434.3489
1596153600,191051.4298
1596240000,195149.3351
1596326400,200624.1553
1596412800,193873.5688
1596499200,195108.6717
1596585600,194383.8445
1596672000,197226.264
1596758400,200371.091
1596844800,201237.8237
1596931200,206618.5654
1597017600,204235.9306
1597104000,201388.74
1597190400,204993.2998
1597276800,204911.4056
1597363200,212972.5266
1597449600,216288.0682
1597536000,210989.8461
1597622400,201924.5938
1597708800,198715.741
1597795200,207161.0726
1597881600,211546.0195
1597968000,216400.1501
1598054400,213028.1383
1598140800,218512.3304
1598227200,215700.7195
1598313600,216519.2237
1598400000,219546.5723
1598486400,215614.0542
1598572800,220801.5637
1598659200,214522.2972
1598745600,218630.3631
1598832000,219795.4565
1598918400,228234.5557
1599004800,227655.0292
1599091200,223022.8005
1599177600,234450.5062
1599264000,233423.1502
1599350400,241698.6327
1599436800,241281.8019
1599523200,239313.3931
1599609600,237497.0047
1599696000,234123.9587
1599782400,241833.8269
1599868800,246616.9677
1599955200,245792.1241
1600041600,243008.2427
1600128000,246299.1695
1600214400,240506.6408
1600300800,254113.4795
1600387200,244661.5442
1600473600,249157.4172
1600560000,252148.0498
1600646400,255543.1583
1600732800,249373.9827
1600819200,256221.4679
1600905600,248121.4467
1600992000,247769.8252
1601078400,254199.3072
1601164800,252519.4224
1601251200,251418.9419
1601337600,250888.4762
1601424000,253214.6819
1601510400,253031.2371
1601596800,254357.382
1601683200,249457.7118
1601769600,251323.8346
1601856000,254987.7643
1601942400,265383.1585
1602028800,259382.3062
1602115200,254594.1659
1602201600,257731.4794
1602288000,262559.7762
1602374400,260752.4476
1602460800,259780.9543
1602547200,265919.1653
1602633600,260079.179
1602720000,265545.748
1602806400,262450.2101
1602892800,264144.0378
1602979200,253714.0929
1603065600,267424.9409
1603152000,264326.5699
1603238400,262889.3283
1603324800,264632.0375
1603411200,265293.0131
1603497600,270618.4473
1603584000,263123.7684
1603670400,255042.5903
1603756800,261270.7462
1603843200,264434.5193
1603929600,269899.6122
1604016000,262882.3879
1604102400,264362.7692
1604188800,268618.7783
